,Group,Sence,Text
0,—Ç—Ä–∞–Ω—Å–ø–æ—Ä—Ç,–ø–ª–æ—Ö–æ,–ù–∞ 8 –ú–∞—Ä—Ç–∞ —Ç—Ä–∞–º–≤–∞–∏ —Å—Ç–æ—è—Ç –≤ –ø—Ä–æ–±–∫–µ –≤–º–µ—Å—Ç–µ —Å –æ—Å—Ç–∞–ª—å–Ω—ã–º–∏ —É—á–∞—Å—Ç–Ω–∏–∫–∞–º–∏ –¥–≤–∏–∂–µ–Ω–∏—è... –í–∏–¥–µ–æ –æ—Ç [id7059751|–î–º–∏—Ç—Ä–∏—è]
1,–±–ª–∞–≥–æ—É—Å—Ç—Ä–æ–π—Å—Ç–≤–æ,–ø–ª–æ—Ö–æ,"–ù–∞–ø–∏—Å–∞–ª–∏ –≤ –ê–¥–º–∏–Ω–∏—Å—Ç—Ä–∞—Ü–∏—é –≥–æ—Ä–æ–¥–∞ –∂–∞–ª–æ–±—É, –ø—Ä–æ —Å–∫–æ–ª—å–∑–∫–∏–π —Ç—Ä–æ—Ç—É–∞—Ä –Ω–∞ –õ–µ–Ω–∏–Ω–∞, –ø–æ–ª—É—á–∏–ª–∏ –≥–µ–Ω–∏–∞–ª—å–Ω—ã–π –æ—Ç–≤–µ—Ç!! üòá‚ò∫"
3,—Ç—Ä–∞–Ω—Å–ø–æ—Ä—Ç,–ø–ª–æ—Ö–æ,"–ù–µ–≤–µ—Ä–æ—è—Ç–Ω—ã–µ –ø—Ä–∏–∫–ª—é—á–µ–Ω–∏—è –æ—Å—Ç–∞–Ω–æ–≤–∫–∏ –≤ –ï–∫–∞—Ç–µ—Ä–∏–Ω–±—É—Ä–≥–µ! –í 2010 –∞–¥–º–∏–Ω–∏—Å—Ç—Ä–∞—Ü–∏—è –±–µ–∑ –æ–±—ä—è—Å–Ω–µ–Ω–∏–π –ø–µ—Ä–µ–Ω–µ—Å–ª–∞ –∞–≤—Ç–æ–±—É—Å–Ω—É—é –æ—Å—Ç–∞–Ω–æ–≤–∫—É –î–æ–º –ö–∏–Ω–æ –ø–æ–¥–∞–ª—å—à–µ –æ—Ç —Ç—Ä–∞–º–≤–∞–π–Ω–æ–π –∑–∞ –ú–∞–º–∏–Ω–∞-–°–∏–±–∏—Ä—è–∫–∞. –°–∫–æ—Ä–µ–µ –≤—Å–µ–≥–æ, —ç—Ç–æ –±—ã–ª–æ —Å–≤—è–∑–∞–Ω–æ —Å –ø—Ä–µ–¥–ø–æ–ª–æ–∂–µ–Ω–∏–µ–º, —á—Ç–æ –ø–æ—Å—Ç—Ä–æ–∏—Ç—Å—è Opera Tower —Å –±–æ–ª—å—à–∏–º –ø–æ—Ç–æ–∫–æ–º –ª—é–¥–µ–π. Opera Tower —Ç–∞–∫ –∏ –Ω–µ –ø–æ—Å—Ç—Ä–æ–∏–ª—Å—è.  –í 2018 –≥. –∞–¥–º–∏–Ω–∏—Å—Ç—Ä–∞—Ü–∏—è –Ω–∞—á–∞–ª–∞ –∑–∞–¥—É–º—ã–≤–∞—Ç—å—Å—è, —á—Ç–æ –Ω–µ–ø–ª–æ—Ö–æ –±—ã –≤–µ—Ä–Ω—É—Ç—å –æ—Å—Ç–∞–Ω–æ–≤–∫—É –Ω–∞–∑–∞–¥. –ò –≤ –Ω–∞—á–∞–ª–µ 2019 –≥.-—Ç–∞–∫–∏ –ø–æ—Å—Ç–∞–≤–∏–ª–∞ –Ω–æ–≤—ã–π –Ω–∞–≤–µ—Å –Ω–∞ —Å—Ç–∞—Ä–æ–º –º–µ—Å—Ç–µ –Ω–∞–ø—Ä–æ—Ç–∏–≤ –ú–∞–ª—ã—à–µ–≤–∞ 61. –ü–æ—Å—Ç–∞–≤–∏–ª–∞ —Å–ª–∏—à–∫–æ–º –±–ª–∏–∑–∫–æ –∫ –ø—Ä–æ–µ–∑–∂–µ–π —á–∞—Å—Ç–∏ –∏ —Ç–∞–∫ –∏ –Ω–µ –æ–±—è–∑–∞–ª–∞ —Ç—Ä–∞–Ω—Å–ø–æ—Ä—Ç –æ—Å—Ç–∞–Ω–∞–≤–ª–∏–≤–∞—Ç—å—Å—è –≤ –Ω–æ–≤–æ–º –º–µ—Å—Ç–µ. –ù–∞–≤–µ—Å –ø–æ—Å—Ç–µ–ø–µ–Ω–Ω–æ –æ–±—Ä–∞—Å—Ç–∞–ª —Ä–µ–∫–ª–∞–º–Ω—ã–º–∏ –∞—Ñ–∏—à–∞–º–∏ –∏ —Ä–µ–∫–ª–∞–º–æ–π —Å —Å–∞–π—Ç–∞–º–∏ –Ω–∞—Ä–∫–æ—Ç–∏–∫–æ–≤, –∞–¥–º–∏–Ω–∏—Å—Ç—Ä–∞—Ü–∏—è –¥–∞–∂–µ –Ω–∏–∫–∞–∫ –Ω–µ —É—Ç–æ—á–Ω—è–ª–∞ –Ω–∞ —Å–∞–º–æ–π –æ—Å—Ç–∞–Ω–æ–≤–∫–µ, –ø–æ—á–µ–º—É –æ–Ω–∞ –Ω–µ —Ä–∞–±–æ—Ç–∞–µ—Ç. –ù–µ —Ä–∞–∑ –≤–∏–¥–µ–ª–∏ —Ç–∞–º –ª—é–¥–µ–π, –Ω–µ –ø–æ–Ω–∏–º–∞—é—â–∏—Ö, –ø–æ—á–µ–º—É —Ç—Ä–∞–Ω—Å–ø–æ—Ä—Ç –ø—Ä–æ–µ–∑–∂–∞–µ—Ç –æ—Å—Ç–∞–Ω–æ–≤–∫—É. –ü–æ—Å–ª–µ –Ω–∞—à–µ–≥–æ –æ–±—Ä–∞—â–µ–Ω–∏—è –Ω–∞–≤–µ—Å –æ—Ç–æ–¥–≤–∏–Ω—É–ª–∏ –ø–æ–¥–∞–ª—å—à–µ –æ—Ç –ø—Ä–æ–µ–∑–∂–µ–π —á–∞—Å—Ç–∏. –ò –≤–æ—Ç 4 –¥–µ–∫–∞–±—Ä—è –∞–¥–º–∏–Ω–∏—Å—Ç—Ä–∞—Ü–∏—è –ø–∏—à–µ—Ç –Ω–∞ —Å–≤–æ—ë–º —Å–∞–π—Ç–µ, —á—Ç–æ –¥–ª—è —É–ª—É—á—à–µ–Ω–∏—è —Ç—Ä–∞–Ω—Å–ø–æ—Ä—Ç–Ω–æ–≥–æ –æ–±—Å–ª—É–∂–∏–≤–∞–Ω–∏—è –æ—Å—Ç–∞–Ω–æ–≤–∫–∞ –±—É–¥–µ—Ç –Ω–∞–ø—Ä–æ—Ç–∏–≤ –ú–∞–ª—ã—à–µ–≤–∞ 63. –¢–æ–ª—å–∫–æ —ç—Ç–æ –º–µ—Ç—Ä–æ–≤ –∑–∞ 50 –î–û —Ç–æ–≥–æ –º–µ—Å—Ç–∞, –≥–¥–µ —É—Å—Ç–∞–Ω–æ–≤–ª–µ–Ω –Ω–æ–≤—ã–π –Ω–∞–≤–µ—Å. –ò —ç—Ç–æ—Ç –¥–µ–Ω—å –Ω–∞—Å—Ç—É–ø–∞–µ—Ç –∑–∞–≤—Ç—Ä–∞ 7 –¥–µ–∫–∞–±—Ä—è. –í–æ—Ç —Ç–æ–ª—å–∫–æ –Ω–∏ –Ω–∞ —Å—Ç–∞—Ä–æ–π –Ω–∏ –Ω–∞ –Ω–æ–≤–æ–π –æ—Å—Ç–∞–Ω–æ–≤–∫–µ –Ω–µ—Ç –Ω–∏ –æ–¥–Ω–æ–≥–æ –æ–±—ä—è–≤–ª–µ–Ω–∏—è –¥–ª—è –ø–∞—Å—Å–∞–∂–∏—Ä–æ–≤, —á—Ç–æ —Å —Å—É–±–±–æ—Ç—ã –Ω–∞ —ç—Ç–æ–º –º–µ—Å—Ç–µ —Ç—Ä–∞–Ω—Å–ø–æ—Ä—Ç –ø–µ—Ä–µ—Å—Ç–∞–Ω–µ—Ç –æ—Å—Ç–∞–Ω–∞–≤–ª–∏–≤–∞—Ç—å—Å—è, –∞ –≤–æ—Ç –Ω–∞ —ç—Ç–æ–º –Ω–∞—á–Ω—ë—Ç. –ù—É –∏ –∞–≤—Ç–æ–º–æ–±–∏–ª–∏—Å—Ç—ã —Å–æ–≤—Å–µ–º –Ω–µ –≤ –∫—É—Ä—Å–µ —Ä—è–¥–æ–º —Å –ú–∞–ª—ã—à–µ–≤–∞ 63 –∏ 61 –≤—Å—ë –∑–∞–ø–∞—Ä–∫–æ–≤–∞–Ω–æ. –•–æ—Ç—è –∏–º, –Ω–∞–≤–µ—Ä–Ω–æ, –ø–ª–µ–≤–∞—Ç—å –Ω–∞ –æ—Å—Ç–∞–Ω–æ–≤–∫–∏, –≤–æ—Ç —Ä—è–¥–æ–º —Å –ú–∞–º–∏–Ω–∞-–°–∏–±–∏—Ä—è–∫–∞ –µ—Å—Ç—å –∂–µ —Ç–∞–∫–æ–π –∑–∞—á—ë—Ç–Ω—ã–π –∫–∏–æ—Å–∫ —Å —à–∞–≤—É—Ö–æ–π, –º–æ–∂–Ω–æ –∂–µ –±—Ä–æ—Å–∏—Ç—å —Ç–∞—á–∫–∏ –ø—Ä—è–º –Ω–∞ –æ—Å—Ç–∞–Ω–æ–≤–∫–µ —Å –∞–≤–∞—Ä–∏–π–∫–æ–π –∏ –ø–æ–π—Ç–∏ –≤—ã–±–∏—Ä–∞—Ç—å, —á—Ç–æ —Ç–∞–º –≤–∫—É—Å–Ω–µ–Ω—å–∫–æ–≥–æ. –ù–∞–≤–µ—Ä–Ω–æ, –Ω–µ–ª—å–∑—è –≤–∏–Ω–∏—Ç—å –∞–¥–º–∏–Ω–∏—Å—Ç—Ä–∞—Ü–∏—é, –≤–µ–¥—å —É –Ω–∏—Ö –±—ã–ª–æ –≤—Å–µ–≥–æ —á—É—Ç—å –±–æ–ª—å—à–µ –ø–æ–ª—É—Ç–æ—Ä–∞ –ª–µ—Ç, —á—Ç–æ–±—ã —É—Å–ø–µ—Ç—å –ø–µ—Ä–µ–Ω–µ—Å—Ç–∏ –æ—Å—Ç–∞–Ω–æ–≤–∫—É? –ì–æ—Ä–æ–∂–∞–Ω–µ –∂–µ –º–æ–≥—É—Ç —Å–∞–º–∏ —Ä–∞—Å–ø–µ—á–∞—Ç–∞—Ç—å –æ–±—ä—è–≤–ª–µ–Ω–∏—è –∏ –ø–æ–≤–µ—Å–∏—Ç—å –∏—Ö –Ω–∞ –æ—Å—Ç–∞–Ω–æ–≤–∫–∏. –ö–∞–∫ —Å—á–∏—Ç–∞–µ—Ç–µ? https://www.e1.ru/news/spool/news_id-333651.html https://www.e1.ru/news/spool/news_id-54304671.html https://66.ru/news/society/218512/ http://www.ekburg.ru/news/2/77969-gorodskie-vlasti-peredvinut-ostanovku-dom-kino-dlya-udobstva-ekaterinburzhtsev/"
4,—Ç—Ä–∞–Ω—Å–ø–æ—Ä—Ç,–ø–ª–æ—Ö–æ,"–ö–∞–∫ –æ–¥–Ω–∞ –æ—Å—Ç–∞–Ω–æ–≤–∫–∞ –Ω–µ–∑–∞–º–µ—Ç–Ω–æ –ø–µ—Ä–µ–¥–≤–∏–Ω—É–ª–∞—Å—å.  –ï—Å—Ç—å –≤ –ï–∫–∞—Ç–µ—Ä–∏–Ω–±—É—Ä–≥–µ –æ—Å—Ç–∞–Ω–æ–≤–∫–µ ¬´–ö—É–Ω–∞—Ä—Å–∫–∞—è¬ª. –°—Ç–æ—è–ª –Ω–∞ –Ω–µ–π —Å—Ç–∞—Ä—ã–π –Ω–∞–≤–µ—Å (—Ñ–æ—Ç–æ 1), –Ω–æ –º—ç—Ä–∏—è —Ä–µ—à–∏–ª–∞ –µ–≥–æ –æ–±–Ω–æ–≤–∏—Ç—å (—Ñ–æ—Ç–æ 2). –ü–æ–¥—Ä—è–¥—á–∏–∫ –µ–≥–æ –ø–æ—Å—Ç–∞–≤–∏–ª –±–ª–∏–∑–∫–æ –∫ –¥–æ—Ä–æ–≥–µ –∏ –∑–∞–∫—Ä—ã–ª –∏–º –∑–Ω–∞–∫ –æ—Å—Ç–∞–Ω–æ–≤–∫–∏ (—Ñ–æ—Ç–æ 3). –£–≤–∏–¥–µ–≤ —ç—Ç–æ, —á–∏–Ω–æ–≤–Ω–∏–∫–∏ —Ä–µ—à–∏–ª–∏ –ø–µ—Ä–µ—Å—Ç–∞–≤–∏—Ç—å –∑–Ω–∞–∫ –ø–æ –¥—Ä—É–≥—É—é —Å—Ç–æ—Ä–æ–Ω—É –Ω–∞–≤–µ—Å–∞ (—Ñ–æ—Ç–æ 4). –¢–µ–ø–µ—Ä—å –æ—Å—Ç–∞–Ω–æ–≤–∫–∞ –ø–µ—Ä–µ–Ω–µ—Å–µ–Ω–∞ –Ω–∞ 10 –º, –Ω–æ –ø–æ-–ø—Ä–µ–∂–Ω–µ–º—É –æ—Å—Ç–∞—ë—Ç—Å—è —Å–ª–∏—à–∫–æ–º —É–∑–∫–æ–π."
5,–±–ª–∞–≥–æ—É—Å—Ç—Ä–æ–π—Å—Ç–≤–æ,–ø–ª–æ—Ö–æ,"–ò—Å–ø—É–≥–∞–≤—à–∏—Å—å —à—Ç—Ä–∞—Ñ–æ–≤, –ø—Ä–∏ —É–∫–ª–∞–¥–∫–µ —à–∏–∫–∞—Ä–Ω–æ–≥–æ –≥—Ä–∞–Ω–∏—Ç–∞ –Ω–∞ –ú–∞–ª—ã—à–µ–≤–∞, –≤–∏–¥–∞—Ç—å, —Ä–µ—à–∏–ª–∏ —Å—ç–∫–æ–Ω–æ–º–∏—Ç—å –Ω–∞ –º–∞—Ç–µ—Ä–∏–∞–ª–µ.   –°–∫–æ–ª—å–∫–æ –Ω–∞–º –í—ã—Å–æ–∫–∏–Ω—Å–∫–∏–π –æ–±–µ—â–∞–ª —ç—Ç—É –ø–ª–∏—Ç–∫—É –Ω–µ –ø–µ—Ä–µ–∫–ª–∞–¥—ã–≤–∞—Ç—å? 25 –ª–µ—Ç –ª—é–±–æ–≤–∞—Ç—å—Å—è –±—É–¥–µ–º? 30?"
6,–±–ª–∞–≥–æ—É—Å—Ç—Ä–æ–π—Å—Ç–≤–æ,—Ö–æ—Ä–æ—à–æ,"–°–ª–∏—à–∫–æ–º —á–∞—Å—Ç–æ –ø–∞–Ω–¥—É—Å—ã –¥–µ–ª–∞—é—Ç –Ω–∞ –æ—Ç–≤–∞–ª–∏, –Ω–∞–≤–µ—Ä–Ω–æ, –ø–æ—Ç–æ–º—É, —á—Ç–æ –ø–∞–Ω–¥—É—Å –¥–µ–ª–∞—é—Ç –∑–¥–æ—Ä–æ–≤—ã–µ –º—É–∂–∏–∫–∏, –∫–æ—Ç–æ—Ä—ã–µ –≤–æ–æ–±—â–µ –Ω–µ –ø–æ–Ω–∏–º–∞—é—Ç, –∑–∞—á–µ–º –Ω—É–∂–Ω–∞ –≤—Å—è —ç—Ç–∞ —Ñ–∏–≥–Ω—è. –í–æ—Ç –∏ –Ω–∞ –õ—É–Ω–∞—á–∞—Ä—Å–∫–æ–≥–æ 53 –ø–∞–Ω–¥—É—Å –¥–∞–≤–Ω—ã–º –¥–∞–≤–Ω–æ —Å–¥–µ–ª–∞–ª–∏ —Ç–∞–∫, —á—Ç–æ –æ–Ω —Ñ–∞–∫—Ç–∏—á–µ—Å–∫–∏ –∑–∞–∫–∞–Ω—á–∏–≤–∞–ª—Å—è —Å—Ç—É–ø–µ–Ω—å–∫–æ–π –∏ –ø—Ä–∞–∫—Ç–∏—á–µ—Å–∫–∏ –≤—Å–µ –æ–±—ä–µ–∑–∂–∞–ª–∏ –µ–≥–æ –ø–æ –∑–µ–º–ª–µ, –≤—ã—Ç–∞–ø—Ç—ã–≤–∞—è –≥–∞–∑–æ–Ω. –ë–ª–∞–≥–æ–¥–∞—Ä—è –∞–¥–º–∏–Ω–∏—Å—Ç—Ä–∞—Ü–∏–∏ –ñ–µ–ª–µ–∑–Ω–æ–¥–æ—Ä–æ–∂–Ω–æ–≥–æ —Ä–∞–π–æ–Ω–∞ –≤ —ç—Ç–æ–º –≥–æ–¥—É –ø–∞–Ω–¥—É—Å —Å–ø—Ä—è–º–∏–ª–∏ –∏ —Å–¥–µ–ª–∞–ª–∏ –æ–¥–∏–Ω–∞–∫–æ–≤—ã–π —É–≥–æ–ª –Ω–∞–∫–ª–æ–Ω–∞ –ø–æ –≤—Å–µ–π –¥–ª–∏–Ω–µ. –ö —Å–æ–∂–µ–ª–∞–µ–Ω–∏—é, —Ä–∞–±–æ—Ç—ã –±—ã–ª–∏ –∑–∞–≤–µ—Ä—à–µ–Ω—ã –≤ –º–∏–Ω—É—Å–æ–≤—ã–µ —Ç–µ–º–ø–µ—Ä–∞—Ç—É—Ä—ã –∏ –æ—Å—Ç–∞–µ—Ç—Å—è —Ç–æ–ª—å–∫–æ –Ω–∞–¥–µ—è—Ç—å—Å—è, —á—Ç–æ —Å–º–æ–Ω—Ç–∏—Ä–æ–≤–∞–Ω–Ω–∞—è –∫–æ–Ω—Å—Ç—Ä—É–∫—Ü–∏—è –ø—Ä–æ—Å—Ç–æ–∏—Ç –¥–æ–ª–≥–æ."
7,—Ç—Ä–∞–Ω—Å–ø–æ—Ä—Ç,—É–∂–∞—Å–Ω–æ,–ú—ç—Ä–∏—è –ï–∫–∞—Ç–µ—Ä–∏–Ω–±—É—Ä–≥–∞ –æ—Ç–∫–∞–∑–∞–ª–∞—Å—å –æ–±–æ—Å–æ–±–ª—è—Ç—å —Ç—Ä–∞–º–≤–∞–π–Ω—ã–µ –ø—É—Ç–∏ –ø–æ —É–ª–∏—Ü–µ –õ—É–Ω–∞—á–∞—Ä—Å–∫–æ–≥–æ  –ü–æ—Å–º–æ—Ç—Ä–∏—Ç–µ –Ω–∞ –≤–∏–¥–µ–æ –∫–∞–∫–æ–π –∞–¥ —Ç–∞–º —Ç–≤–æ—Ä–∏—Ç—Å—è –µ–∂–µ–¥–Ω–µ–≤–Ω–æ –∏ —Ç—ã—Å—è—á–∏ –ø–∞—Å—Å–∞–∂–∏—Ä–æ–≤ —Ç—Ä–∞–º–≤–∞–µ–≤ –≤—ã–Ω—É–∂–¥–µ–Ω—ã —Å—Ç–æ—è—Ç—å –≤ –æ–¥–Ω–æ–π –ø—Ä–æ–±–∫–µ —Å –Ω–µ—Å–∫–æ–ª—å–∫–∏–º–∏ –¥–µ—Å—è—Ç–∫–∞–º–∏ –∞–≤—Ç–æ–º–æ–±–∏–ª–∏—Å—Ç–æ–≤.
8,–±–ª–∞–≥–æ—É—Å—Ç—Ä–æ–π—Å—Ç–≤–æ,–ø–ª–æ—Ö–æ,"–í 2020 –≥. –±—É–¥—É—Ç –ø—Ä–æ–≤–µ–¥–µ–Ω—ã —Ä–∞–±–æ—Ç—ã –ø–æ —É—Å—Ç—Ä–∞–Ω–µ–Ω–∏—é —Å–∫–æ–ø–ª–µ–Ω–∏—è –≤–æ–¥—ã –≤ —Ä–∞–π–æ–Ω–µ –ª–µ—Å—Ç–Ω–∏—á–Ω–æ–≥–æ –º–∞—Ä—à–∞ –ø–æ –∞–¥—Ä–µ—Å—É: —É–ª. –¢—É—Ä–≥–µ–Ω–µ–≤–∞, 15. –í 2021 –≥. –≤–æ–∑–º–æ–∂–Ω–æ –≤–Ω–µ—Å—É—Ç –≤ –ø–ª–∞–Ω—ã - –±–ª–∞–≥–æ—É—Å—Ç—Ä–æ–π—Å—Ç–≤–æ —Ç—Ä–æ—Ç—É–∞—Ä–∞ –ø–æ –∞–¥—Ä–µ—Å—É: —É–ª. –ü–µ—Ä–≤–æ–º–∞–π—Å–∫–∞—è, 24–í."
9,–°–ü–ê–ú,–Ω–µ–π—Ç—Ä–∞–ª—å–Ω–æ,–ê –≤ –ú–æ—Å–∫–≤–µ —É–∂–µ –ø–æ–ª–Ω—ã–π –∫–æ–º–º—É–Ω–∏–∑–º. –ö–æ–≥–¥–∞ –Ω–∞ –Ω–∞—à–µ–π —É–ª–∏—Ü–µ –±—É–¥–µ—Ç –ø—Ä–∞–∑–¥–Ω–∏–∫?
10,–±–ª–∞–≥–æ—É—Å—Ç—Ä–æ–π—Å—Ç–≤–æ,–ø–ª–æ—Ö–æ,"–í –∫–æ–Ω—Ü–µ –ø—Ä–æ—à–ª–æ–≥–æ –≥–æ–¥–∞ —Å–ø–µ—à–Ω—ã–º –∞–≤—Ä–∞–ª–æ–º –≤ —Å–Ω–µ–≥ —Å—Ç–∞–≤–∏–ª–∏—Å—å 20 –Ω–æ–≤—ã—Ö –Ω–∞–≤–µ—Å–æ–≤ –Ω–∞ –∞–≤—Ç–æ–±—É—Å–Ω—ã—Ö –æ—Å—Ç–∞–Ω–æ–≤–∫–∞—Ö. –ü—Ä–µ–¥—Å—Ç–∞–≤–∏—Ç–µ–ª–∏ –∫–æ–º–∏—Ç–µ—Ç–∞ –ø–æ —Ç—Ä–∞–Ω—Å–ø–æ—Ä—Ç—É –ø–æ–¥–ø–∏—Å–∞–ª–∏ –∞–∫—Ç—ã –ø—Ä–∏—ë–º–∫–∏-–ø–µ—Ä–µ–¥–∞—á–∏ –±–µ–∑ –∑–∞–º–µ—á–∞–Ω–∏–π. –ú—ã –æ–±—Ä–∞—Ç–∏–ª–∏ –≤–Ω–∏–º–∞–Ω–∏–µ, —á—Ç–æ –±–æ–ª—å—à–∞—è —á–∞—Å—Ç—å —ç—Ç–∏—Ö –Ω–∞–≤–µ—Å–æ–≤ —É—Å—Ç–∞–Ω–æ–≤–ª–µ–Ω–∞ —Å–ª–∏—à–∫–æ–º –±–ª–∏–∑–∫–æ –∫ –ø—Ä–æ–µ–∑–∂–µ–π —á–∞—Å—Ç–∏ –∏ —è–≤–ª—è–µ—Ç—Å—è –Ω–µ–±–µ–∑–æ–ø–∞—Å–Ω—ã–º–∏. –ü–æ—Å–ª–µ –Ω–∞—à–∏—Ö –æ–±—Ä–∞—â–µ–Ω–∏–π –∫–æ–º–∏—Ç–µ—Ç –ø–æ —Ç—Ä–∞–Ω—Å–ø–æ—Ä—Ç—É —Å–æ–≥–ª–∞—Å–∏–ª—Å—è —Å —Ç–µ–º, —á—Ç–æ –∏—Ö –Ω–∞–¥–æ –ø–µ—Ä–µ–Ω–æ—Å–∏—Ç—å, –≤–∫–ª—é—á–∏–ª —Ä–∞–±–æ—Ç—ã –ø–æ –ø–µ—Ä–µ–Ω–æ—Å—É —ç—Ç–∏—Ö –æ—Å—Ç–∞–Ω–æ–≤–æ–∫ –≤ –±–æ–ª—å—à–æ–π –∫–æ–Ω—Ç—Ä–∞–∫—Ç 2019 –≥. –∏ –ø–µ—Ä–µ–Ω—ë—Å –≤—Å–µ –±–ª–∏–∑–∫–æ —É—Å—Ç–∞–Ω–æ–≤–ª–µ–Ω–Ω—ã–µ –Ω–∞–≤–µ—Å—ã –ø–æ–¥–∞–ª—å—à–µ –æ—Ç –ø—Ä–æ–µ–∑–∂–µ–π —á–∞—Å—Ç–∏. –†–∞–±–æ—Ç—ã –±—ã–ª–∏ –æ–ø–ª–∞—á–µ–Ω—ã —Ä–∞–∑–Ω—ã–º –ø–æ–¥—Ä—è–¥–Ω—ã–º –æ—Ä–≥–∞–Ω–∏–∑–∞—Ü–∏—è–º –¥–≤–∞–∂–¥—ã: 1) –ø—Ä–∏ –ø–µ—Ä–≤–æ–Ω–∞—á–∞–ª—å–Ω–æ–º –º–æ–Ω—Ç–∞–∂–µ –∏ 2) –ø—Ä–∏ –ø–µ—Ä–µ–Ω–æ—Å–µ. –û –∫–∞–∫–∏—Ö-–ª–∏–±–æ –º–µ—Ä–∞—Ö –¥–∏—Å—Ü–∏–ø–ª–∏–Ω–∞—Ä–Ω–æ–≥–æ –≤–∑—ã—Å–∫–∞–Ω–∏—è –∫ —Å–æ—Ç—Ä—É–¥–Ω–∏–∫–∞–º –∞–¥–º–∏–Ω–∏—Å—Ç—Ä–∞—Ü–∏–∏, –ø—Ä–∏–Ω—è–≤—à–∏—Ö –ø–µ—Ä–≤—ã–µ —Ä–∞–±–æ—Ç—ã, –Ω–∞–º –Ω–µ–∏–∑–≤–µ—Å—Ç–Ω–æ. http://zakupki.gov.ru/epz/contract/contractCard/common-info.html?reestrNumber=3666100466118000122 http://zakupki.gov.ru/epz/contract/contractCard/common-info.html?reestrNumber=3667128149519000031"
11,—Ç—Ä–∞–Ω—Å–ø–æ—Ä—Ç,–Ω–µ–π—Ç—Ä–∞–ª—å–Ω–æ,–£ –∫–∞–∫–∏—Ö –∞–≤—Ç–æ–±—É—Å–Ω—ã—Ö –º–∞—Ä—à—Ä—É—Ç–æ–≤ –≤—ã –±—ã –∏–∑–º–µ–Ω–∏–ª–∏ —á–∞—Å—Ç–æ—Ç—É —Ä–µ–π—Å–æ–≤?
12,–±–ª–∞–≥–æ—É—Å—Ç—Ä–æ–π—Å—Ç–≤–æ,–Ω–µ–π—Ç—Ä–∞–ª—å–Ω–æ,–°–µ–≥–æ–¥–Ω—è —É –≥–æ—Å—Ç–∏–Ω–∏—Ü—ã –ò—Å–µ—Ç—å —É–≤–∏–¥–µ–ª–∞ —Å–ª–µ–¥—É—é—â—É—é –∫–∞—Ä—Ç–∏–Ω—É: –Ω–µ—Ä–æ–≤–Ω–æ —É–ª–æ–∂–µ–Ω–Ω—É—é –ø–ª–∏—Ç–∫—É –ø—Ä–æ—Å—Ç–æ —á–µ–º-—Ç–æ —Å–ø–∏–ª–∏–ª–∏ üò≥ –º–æ–∂–µ—Ç –í—ã –∑–Ω–∞–µ—Ç–µ –º–æ–∂–Ω–æ —Ç–∞–∫ –¥–µ–ª–∞—Ç—å –∏–ª–∏ –Ω–µ—Ç?
13,—Ç—Ä–∞–Ω—Å–ø–æ—Ä—Ç,–ø–ª–æ—Ö–æ,"–ö–æ–º–∏—Ç–µ—Ç –ø–æ —Ç—Ä–∞–Ω—Å–ø–æ—Ä—Ç—É –º—ç—Ä–∏–∏ –ï–∫–∞—Ç–µ—Ä–∏–Ω–±—É—Ä–≥–∞ –ø—Ä–∏—Å–ª–∞–ª –∫–∞–∫—É—é —Ç–æ –ø–æ—Ç—Ä—è—Å–∞—é—â—É—é –æ—Ç–ø–∏—Å–∫—É  –Ø–∫–æ–±—ã –∞–¥–º–∏–Ω–∏—Å—Ç—Ä–∞—Ü–∏—è –Ω–µ –º–æ–∂–µ—Ç —É—Å—Ç–∞–Ω–æ–≤–∏—Ç—å –ø–æ–Ω–∏–∂–µ–Ω–Ω—ã–µ —Ç–∞—Ä–∏—Ñ—ã –Ω–∞ –ø—Ä–æ–µ–∑–¥ –¥–ª—è –¥–µ—Ç–µ–π –∏–∑-–∑–∞ —Ñ–µ–¥–µ—Ä–∞–ª—å–Ω–æ–≥–æ –∏ –æ–±–ª–∞—Å—Ç–Ω–æ–≥–æ –∑–∞–∫–æ–Ω–æ–¥–∞—Ç–µ–ª—å—Å—Ç–≤–∞ –∏ —Å–∞–º–∏ –∂–µ –ø—Ä–∏–≤–æ–¥—è—Ç –≤—ã–¥–µ—Ä–∂–∫–∏ –∏–∑ –∑–∞–∫–æ–Ω–∞, –≥–¥–µ —É—Å—Ç–∞–Ω–æ–≤–ª–µ–Ω –ø—Ä–µ–¥–µ–ª—å–Ω—ã–π –ú–ê–ö–°–ò–ú–ê–õ–¨–ù–´–ô —Ç–∞—Ä–∏—Ñ –≤ 32 —Ä—É–±–ª—è. –≠—Ç–æ –∑–Ω–∞—á–∏—Ç —á—Ç–æ —Å—Ç–æ–∏–º–æ—Å—Ç—å –ø—Ä–æ–µ–∑–¥–∞ –≤—ã—à–µ 32 —Ä—É–±–ª–µ–π –¥–ª—è –¥–µ—Ç–µ–π –º—ç—Ä–∏—è —É—Å—Ç–∞–Ω–æ–≤–∏—Ç—å –Ω–µ —Å–º–æ–∂–µ—Ç –ø—Ä–∏ –≤—Å—ë–º –∂–µ–ª–∞–Ω–∏–∏. –ê –≤–æ—Ç –Ω–∏–∂–µ –ø–æ–∂–∞–ª—É–π—Å—Ç–∞. –í–µ–¥—å –ø—Ä–æ–µ–∑–¥ –Ω–∞–∑–µ–º–Ω—ã–º —Ç—Ä–∞–Ω—Å–ø–æ—Ä—Ç–æ–º —É –Ω–∞—Å —Å—Ç–æ–∏—Ç 28 —Ä—É–±–ª–µ–π. –î–∞ –∏ —Ä–µ—á—å —Ç–æ –º—ã –∑–∞–≤–µ–ª–∏ –Ω–µ –æ —Å—Ç–æ–∏–º–æ—Å—Ç–∏ –æ–¥–Ω–æ–π –ø–æ–µ–∑–¥–∫–∏ –∞ –æ —Å—Ç–æ–∏–º–æ—Å—Ç–∏ –º–µ—Å—è—á–Ω—ã—Ö –ø—Ä–æ–µ–∑–¥–Ω—ã—Ö.  –ù–∞–ø–æ–º–Ω—é, —á—Ç–æ —Ç–µ–º –≤—Ä–µ–º–µ–Ω–µ–º –≤ –ú–æ—Å–∫–≤–µ —Å—Ç–æ–∏–º–æ—Å—Ç—å –ø—Ä–æ–µ–∑–¥–Ω—ã—Ö –¥–ª—è –¥–µ—Ç–µ–π —Å–æ—Å—Ç–∞–≤–ª—è–µ—Ç –≤—Å–µ–≥–æ 655 —Ä—É–±–ª–µ–π (–º–µ—Ç—Ä–æ + –Ω–∞–∑–µ–º–Ω—ã–π —Ç—Ä–∞–Ω—Å–ø–æ—Ä—Ç), –∞ –≤ –ü–∏—Ç–µ—Ä–µ ‚Äî 515. –ê –≤ –ï–∫–∞—Ç–µ—Ä–∏–Ω–±—É—Ä–≥–µ –≤—ã—Ö–æ–¥–∏—Ç 1500-2000 —Ä—É–±–ª–µ–π –Ω–∞ –æ–¥–Ω–æ–≥–æ —Ä–µ–±–µ–Ω–∫–∞ –≤ –º–µ—Å—è—Ü üò°  –û–±–Ω–æ–≤–ª–µ–Ω–æ: –Ω–∞—à–ª–∏ –æ–∫–æ–Ω—á–∞–Ω–∏–µ –æ—Ç–≤–µ—Ç–∞: ""—Å –ø—Ä–∞–≤–∏—Ç–µ–ª—å—Å—Ç–≤–æ–º –°–≤–µ—Ä–¥–ª–æ–≤—Å–∫–æ–π –æ–±–ª–∞—Å—Ç–∏ –ø—Ä–æ—Ä–∞–±–∞—Ç—ã–≤–∞–µ—Ç—Å—è –≤–æ–ø—Ä–æ—Å –∏–∑–º–µ–Ω–µ–Ω–∏—è –≤ —Ç–∞—Ä–∏—Ñ–Ω—ã–µ –ø–ª–∞–Ω—ã"".  –ß—Ç–æ-—Ç–æ —É–∂–µ –¥—É–º–∞—é—Ç –≤ —ç—Ç–æ–º –Ω–∞–ø—Ä–∞–≤–ª–µ–Ω–∏–∏, –Ω–æ —á—Ç–æ –ø–ª–∞–Ω–∏—Ä—É—é—Ç, –Ω–∞—Ä–æ–¥—É –Ω–µ —Ä–∞—Å—Å–∫–∞–∂—É—Ç - ""–Ω–µ –ø–æ–ª–æ–∂–µ–Ω–æ""!"
14,–±–ª–∞–≥–æ—É—Å—Ç—Ä–æ–π—Å—Ç–≤–æ,—É–∂–∞—Å–Ω–æ,–ù–æ–≤—É—é –ø–ª–∏—Ç–∫—É –Ω–∞ –õ–µ–Ω–∏–Ω–∞ —á–∏—Å—Ç—è—Ç –≤–º–µ—Å—Ç–µ —Å –≥–∞–∑–æ–Ω–æ–ºüôà –µ—â—ë –∏ —Ç–µ—Ö–Ω–∏–∫–∞ –Ω–∞ –≥–∞–∑–æ–Ω–µ —Ä–∞–∑–≤–æ—Ä–∞—á–∏–≤–∞–µ—Ç—Å—è üò©
15,—Ç—Ä–∞–Ω—Å–ø–æ—Ä—Ç,—É–∂–∞—Å–Ω–æ,"–≠–∫—Ä–∞–Ω –Ω–∞ –ö—É–π–±—ã—à–µ–≤–∞. –ë–∞–Ω–∫ –ø–∏—Å–∞–ª, —á—Ç–æ —É–º–µ–Ω—å—à–∏–ª —è—Ä–∫–æ—Å—Ç—å, –Ω–æ —á—Ç–æ-—Ç–æ –Ω–µ–∑–∞–º–µ—Ç–Ω–æ"
16,–±–ª–∞–≥–æ—É—Å—Ç—Ä–æ–π—Å—Ç–≤–æ,–ø–ª–æ—Ö–æ,"–ü—Ä–æ—Å—å–±–∞ –ø–æ—Å–ø–æ—Å–æ–±—Å—Ç–≤–æ–≤–∞—Ç—å —É—Å—Ç–∞–Ω–æ–≤–∫–µ –æ–≥—Ä–∞–¥–∏—Ç–µ–ª—å–Ω–æ–≥–æ –∑–∞–±–æ—Ä–∞ –≤–æ–∫—Ä—É–≥ –≥–∞–∑–æ–Ω–∞ –¥–æ–º–∞. –õ–µ—Ç–æ–º —á–∞—Å—Ç–æ —Å—Ç–∞–≤—è—Ç—Å—è –º–∞—à–∏–Ω—ã –ø—Ä—è–º–æ –ø–æ–¥ –æ–∫–Ω–∞, –ª–∏–±–æ –≥–∞–∑–æ–Ω –∏—Å–ø–æ–ª—å–∑—É—é—Ç –∫–∞–∫ –º–µ—Å—Ç–æ –¥–ª—è –º–∞–Ω—ë–≤—Ä–∞ (–∫–æ–≥–¥–∞ –∫–æ–º—É-—Ç–æ –Ω—É–∂–Ω–æ —Ä–∞–∑—ä–µ—Ö–∞—Ç—å—Å—è –∏–ª–∏ —Ä–∞–∑–≤–µ—Ä–Ω—É—Ç—å—Å—è). –ö–∞–∫ –∏—Ç–æ–≥ - –≥–∞–∑–æ–Ω –ª–µ—Ç–æ–º –±–æ–ª—å—à–µ –Ω–∞–ø–æ–º–∏–Ω–∞–µ—Ç –≤—ã—Å–æ—Ö—à—É—é –ø—ã–ª—å–Ω—É—é –ª—É–∂—É, —Å–∞–¥–∏—Ç—å —á—Ç–æ-—Ç–æ –∏–ª–∏ —Ä–∞–∑–±–∏–≤–∞—Ç—å –≥–∞–∑–æ–Ω - –±–µ—Å–ø–æ–ª–µ–∑–Ω–æ. –¢–∞–∫ –∂–µ –≤–¥–æ–ª—å –¥–æ–º–∞ –æ—Ç—Å—É—Ç—Å—Ç–≤—É–µ—Ç –∫–∞–∫–∞—è-–ª–∏–±–æ —Ç—Ä–∞—Ç—É–∞—Ä–Ω–∞—è –¥–æ—Ä–æ–∂–∫–∞. –ü—Ä–æ–µ–∑–¥ –æ—á–µ–Ω—å —É–∑–∫–∏–π –∏ –ª—é–¥—è–º –Ω–µ—Ç –≤–æ–∑–º–æ–∂–Ω–æ—Å—Ç–∏ —É—Å—Ç—É–ø–∏—Ç—å –¥–æ—Ä–æ–≥—É –∞–≤—Ç–æ–º–æ–±–∏–ª—é, –∫—Ä–æ–º–µ –∫–∞–∫ –≤—Å—Ç–∞—Ç—å –Ω–∞ –≥–∞–∑–æ–Ω. –ê–¥—Ä–µ—Å: —É–ª.–ü—Ä–µ–¥–µ–ª—å–Ω–∞—è, –¥–æ–º 16 ."
17,—Ç—Ä–∞–Ω—Å–ø–æ—Ä—Ç,—É–∂–∞—Å–Ω–æ,"–í–∏–¥–∏—Ç–µ –∑–Ω–∞–∫, –ø–æ–∫–∞–∑—ã–≤–∞—é—â–∏–π –∫—É–¥–∞ —Å –∫–∞–∫–æ–π –ø–æ–ª–æ—Å—ã –µ—Ö–∞—Ç—å? –ù–µ—Ç? –ê –æ–Ω –µ—Å—Ç—å. –°–ø–∞—Å–∏–±–æ —Ç–µ–º –ª—é–¥—è–º, –∫–æ—Ç–æ—Ä—ã–µ —É—Å—Ç–∞–Ω–∞–≤–ª–∏–≤–∞–ª–∏ —è—Ä–∫–æ—Å—Ç—å —Ä–µ–∫–ª–∞–º–Ω–æ–≥–æ —ç–∫—Ä–∞–Ω–∞ - –±–ª–∞–≥–æ–¥–∞—Ä—è –∏–º —Å –ø—Ä–∞–≤–æ–π –ø–æ–ª–æ—Å—ã –Ω–∞ –ø–µ—Ä–µ–∫—Ä–µ—Å—Ç–∫–µ –ú–∞–ª—ã—à–µ–≤–∞ / 8 –º–∞—Ä—Ç–∞ (—Å–æ —Å—Ç–æ—Ä–æ–Ω—ã –ú–∞–ª—ã—à–µ–≤–∞ –∏–∑ —Ü–µ–Ω—Ç—Ä–∞) –Ω–µ–≤–æ–∑–º–æ–∂–Ω–æ —É–∑–Ω–∞—Ç—å, –ø–æ–≤–æ—Ä–∞—á–∏–≤–∞—Ç—å —Å —ç—Ç–æ–π –ø–æ–ª–æ—Å—ã –Ω–∞–ø—Ä–∞–≤–æ –∏–ª–∏ –ø—Ä—è–º–æ –µ—Ö–∞—Ç—å —Ç–æ–∂–µ –º–æ–∂–Ω–æ. –ò–ª–∏ –º–æ–∂–µ—Ç —Ç–æ–ª—å–∫–æ –ø—Ä—è–º–æ? –ï—Å–ª–∏ –Ω–µ –∑–Ω–∞–µ—à—å, —Ç–æ –∏ –Ω–µ —É–∑–Ω–∞–µ—à—å. –ï–¥—å –Ω–∞–æ–±—É–º –∏ –Ω–∞–¥–µ–π—Å—è —á—Ç–æ –Ω–µ –Ω–∞—Ä—É—à–∞–µ—à—å.  –ü—Ä–µ–¥–ª–∞–≥–∞—é –∑–∞—Å–ø–∞–º–∏—Ç—å –†–æ—Å–ø–æ—Ç—Ä–µ–±–Ω–∞–¥–∑–æ—Ä –∂–∞–ª–æ–±–∞–º–∏ –Ω–∞ —ç—Ç–æ—Ç —Ä–µ–∫–ª–∞–º–Ω—ã–π —â–∏—Ç.  –ö—Å—Ç–∞—Ç–∏, –∫–∞–∫ –¥–µ–ª–∞ —Å —Ç–µ–º —â–∏—Ç–æ–º –Ω–∞ –ö—É–π–±—ã—à–µ–≤–∞?"
19,–°–ü–ê–ú,–Ω–µ–π—Ç—Ä–∞–ª—å–Ω–æ,–ë–æ—Ä—å–±–∞ —Å —Ä–µ–∫–ª–∞–º–æ–π –≤ –ö–∏—Ä–æ–≤—Å–∫–æ–º —Ä–∞–π–æ–Ω–µ‚ò∫
20,—Ç—Ä–∞–Ω—Å–ø–æ—Ä—Ç,–ø–ª–æ—Ö–æ,"–õ–µ—Ç–æ–º, –ø–æ—Å–ª–µ –Ω–∞—à–∏—Ö –º–Ω–æ–≥–æ—á–∏—Å–ª–µ–Ω–Ω—ã—Ö –∂–∞–ª–æ–± –∏ —Ç—Ä–µ–±–æ–≤–∞–Ω–∏–π –∑–∞—â–∏—Ç–∏—Ç—å —Ç—Ä–æ—Ç—É–∞—Ä –æ—Ç –ø–∞—Ä–∫–æ–≤–∫–∏ –∞–≤—Ç–æ–º–æ–±–∏–ª–µ–π, —É—Å—Ç–∞–Ω–æ–≤–∏–ª–∏ –∑–∞–±–æ—Ä –Ω–∞ –º–µ–∂–¥—É —Ç—Ä–æ—Ç—É–∞—Ä–æ–º –∏ –¥–æ—Ä–æ–≥–æ–π —É –¥–æ–º–æ–≤ 16 –∏ 18 –ø–æ —É–ª–∏—Ü–µ –ö–∞—Ä–ª–∞ –õ–∏–±–∫–Ω–µ—Ö—Ç–∞  –ö–æ–Ω–µ—á–Ω–æ, –º—ã –ø—Ä–æ—Å–∏–ª–∏ —É—Å—Ç–∞–Ω–æ–≤–∏—Ç—å —Å—Ç–æ–ª–±–∏–∫–∏, –∫–æ—Ç–æ—Ä—ã–µ –Ω–µ –ø—Ä–µ–ø—è—Ç—Å—Ç–≤–æ–≤–∞–ª–∏ –±—ã –≤—ã—Ö–æ–¥—É –∏–∑ –∞–≤—Ç–æ –∏ –≤—ã–≥–ª—è–¥–µ–ª–∏ –±—ã –±–æ–ª–µ–µ —ç—Å—Ç–µ—Ç–∏—á–Ω–æ, –Ω–æ —É—Å—Ç–∞–Ω–æ–≤–∫–∞ –∞–Ω—Ç–∏–ø–∞—Ä–∫–æ–≤–æ—á–Ω—ã—Ö —Å—Ç–æ–ª–±–∏–∫–æ–≤ —ç—Ç–æ –ø–æ–∫–∞ —á—Ç–æ –Ω–µ–∏—Å—Å–ª–µ–¥–æ–≤–∞–Ω–Ω–∞—è –≤—ã—Å–æ–∫–∞—è —Ç–µ—Ö–Ω–æ–ª–æ–≥–∏—è –¥–ª—è –º—ç—Ä–∏–∏ –ï–∫–∞—Ç–µ—Ä–∏–Ω–±—É—Ä–≥–∞.  –ü—É—Å—Ç—å –ø–æ–∫–∞ —Ç–∞–∫, –Ω–æ —Å–µ–≥–æ–¥–Ω—è —Ç—Ä–æ—Ç—É–∞—Ä –∑–¥–µ—Å—å –ø–æ–ª–Ω–æ—Å—Ç—å—é –ø—Ä–∏–Ω–∞–¥–ª–µ–∂–∏—Ç –ø–µ—à–µ—Ö–æ–¥–∞–º, –∞ –º—ã —Ä–∞–Ω–æ –∏–ª–∏ –ø–æ–∑–¥–Ω–æ –≤—Å–µ —Ä–∞–≤–Ω–æ –∑–∞–º–µ–Ω–∏–º –≤—Å–µ —ç—Ç–∏ —É—Ä–æ–¥—Å–∫–∏–µ –∑–∞–±–æ—Ä—ã –Ω–∞ —Å—Ç–æ–ª–±–∏–∫–∏ üòº"
21,–±–ª–∞–≥–æ—É—Å—Ç—Ä–æ–π—Å—Ç–≤–æ,—É–∂–∞—Å–Ω–æ,"–í –∫–æ–Ω—Ü–µ 2017 –∫ —á–µ–º–ø–∏–æ–Ω–∞—Ç—É –º–∏—Ä–∞ –ø–æ —Ñ—É—Ç–±–æ–ª—É –æ—Ç—Ä–µ–º–æ–Ω—Ç–∏—Ä–æ–≤–∞–ª–∏ –∏ –ø–µ—Ä–µ–¥–µ–ª–∞–ª–∏ –ø–ª–æ—â–∞–¥—å —É –î–≤–æ—Ä—Ü–∞ –ú–æ–ª–æ–¥—ë–∂–∏. –≠—Ç–∏–º –ª–µ—Ç–æ–º –º—ã –æ–±–Ω–∞—Ä—É–∂–∏–ª–∏, —á—Ç–æ —á–∞—Å—Ç—å –≤—ã—Å–∞–∂–µ–Ω–Ω—ã—Ö —è–±–ª–æ–Ω—å –∑–∞—Å–æ—Ö–ª–∞, –±–µ—Ç–æ–Ω–Ω—ã–µ –±–ª–æ–∫–∏ –∏–∑ —Å—Ç—É–ø–µ–Ω–µ–∫ –≤—ã–ª–æ–º–∞–Ω—ã. –£–¥–∏–≤–∏—Ç–µ–ª—å–Ω—ã–º –æ–∫–∞–∑–∞–ª–æ—Å—å –¥—Ä—É–≥–æ–µ: –ö–æ–º–∏—Ç–µ—Ç –±–ª–∞–≥–æ—É—Å—Ç—Ä–æ–π—Å—Ç–≤–∞ –≥. –ï–∫–∞—Ç–µ—Ä–∏–Ω–±—É—Ä–≥–∞ –æ–∫–∞–∑–∞–ª—Å—è –Ω–µ–∫–æ–º–ø–µ—Ç–µ–Ω—Ç–µ–Ω –≤ —ç—Ç–æ–º –≤–æ–ø—Ä–æ—Å–µ –∏ –ø–µ—Ä–µ—Å–ª–∞–ª –æ–±—Ä–∞—â–µ–Ω–∏–µ —Ç–æ–º—É, –∫—Ç–æ —ç—Ç–∏–º –Ω–∏–∫–æ–≥–¥–∞ –Ω–µ –∑–∞–Ω–∏–º–∞–ª—Å—è. –° –ø–æ–º–æ—â—å—é –º—è–≥–∫–æ–π —Å–∏–ª—ã –ü—Ä–æ–∫—É—Ä–∞—Ç—É—Ä—ã, —É–¥–∞–ª–æ—Å—å —É–∑–Ω–∞—Ç—å, —á—Ç–æ –∑–∞–∫–∞–∑—á–∏–∫–æ–º —Ä–∞–±–æ—Ç –≤—ã—Å—Ç—É–ø–∞–ª–æ –£–ø—Ä–∞–≤–ª–µ–Ω–∏–µ –∫–∞–ø–∏—Ç–µ–ª—å–Ω–æ–≥–æ —Å—Ç—Ä–æ–∏—Ç–µ–ª—å—Å—Ç–≤–∞ –°–≤–µ—Ä–¥–ª–æ–≤—Å–∫–æ–π –æ–±–ª–∞—Å—Ç–∏. –ò—Å–ø–æ–ª–Ω–∏—Ç–µ–ª–µ–º —Ä–∞–±–æ—Ç –æ–∫–∞–∑–∞–ª–æ—Å—å —Ç–æ –∂–µ –û–û–û ""–õ–µ–≤"", –∫–æ—Ç–æ—Ä–æ–µ —Å–¥–µ–ª–∞–ª–æ –∫—Ä–∏–≤—É—é –ø–ª–∏—Ç–∫—É –Ω–∞ –Ω–∞–±–µ—Ä–µ–∂–Ω–æ–π –≥–æ—Ä–æ–¥—Å–∫–æ–≥–æ –ø—Ä—É–¥–∞ –∏ –∫–æ—Ç–æ—Ä–æ–º—É –ø–æ —ç—Ç–æ–º—É –ø–æ–≤–æ–¥—É –∞–¥–º–∏–Ω–∏—Å—Ç—Ä–∞—Ü–∏—è –≥–æ—Ä–æ–¥–∞ –ø—Ä–æ–¥–æ–ª–∂–∞–µ—Ç —Å—Ç—Ä–æ—á–∏—Ç—å –ø—Ä–µ—Ç–µ–Ω–∑–∏–∏. –°—Ç–æ–∏–º–æ—Å—Ç—å –≤—Å–µ—Ö —Å—Ç—Ä–æ–∏—Ç–µ–ª—å–Ω—ã—Ö —Ä–∞–±–æ—Ç –≤ 2017 —Å–æ—Å—Ç–∞–≤–∏–ª–∞ —Å–∫—Ä–æ–º–Ω—ã–µ 116 –º–ª–Ω. —Ä—É–±. –ù–æ —Å–∞–º–æ–π –ø—Ä–∏—è—Ç–Ω–æ–π –≤–∏—à–µ–Ω–∫–æ–π, –æ–∫–∞–∑–∞–ª–æ—Å—å —Ç–æ, —á—Ç–æ –≥–∞—Ä–∞–Ω—Ç–∏—è –Ω–∞ —Ä–∞–±–æ—Ç—ã 5 –ª–µ—Ç, –∏ –£–ö–° —Å–∫–∞–∑–∞–ª–æ, —á—Ç–æ –Ω–∞–ø—Ä–∞–≤–∏–ª–æ –ø–∏—Å—å–º–∞ –ø–æ–¥—Ä—è–¥—á–∏–∫—É –∏ —á—Ç–æ –≤—Å—ë-–≤—Å—ë –¥–æ–ª–∂–Ω–æ –±—ã—Ç—å —É—Å—Ç—Ä–∞–Ω–µ–Ω–æ. –ß—Ç–æ –∂–µ, –±—É–¥–µ–º –ø–æ—Å–º–æ—Ç—Ä–µ—Ç—å, –∏ –¥–æ –Ω–æ—è–±—Ä—è 2022 –≥. –º–æ–∂–Ω–æ –±—É–¥–µ—Ç –ø–æ –≤—Å–µ–º –Ω–µ–¥–æ–¥–µ–ª–∫–∞–º –∏ –ø–æ–ª–æ–º–∫–∞–º –≤ –ø–∞—Ä–∫–µ —É –î–≤–æ—Ä—Ü–∞ –º–æ–ª–æ–¥–µ–∂–∏ –ø–∏—Å–∞—Ç—å –æ–±—Ä–∞—â–µ–Ω–∏—è!."
22,–±–ª–∞–≥–æ—É—Å—Ç—Ä–æ–π—Å—Ç–≤–æ,–ø–ª–æ—Ö–æ,"–í –î–µ–Ω–¥—Ä–æ–ø–∞—Ä–∫–µ –ø–µ—Ä–µ–¥ –ì—Ä–∏–Ω–≤–∏—á–µ–º —Ç–æ–∂–µ –ø–ª–∞—Å—Ç–∏–∫–æ–≤—ã–µ –ø–æ—Ç—Ä–µ—Å–∫–∞–≤—à–∏–µ—Å—è —Ñ–æ–Ω–∞—Ä–∏ –≤–º–µ—Å—Ç–æ —á—É–≥—É–Ω–Ω—ã—Ö. –ü–æ—Ö–æ–∂–µ, —ç—Ç–æ –Ω–æ–≤—ã–π —Ç—Ä–µ–Ω–¥ —É –ê–¥–º–∏–Ω–∏—Å—Ç—Ä–∞—Ü–∏–∏ –≥–æ—Ä–æ–¥–∞"
24,–±–ª–∞–≥–æ—É—Å—Ç—Ä–æ–π—Å—Ç–≤–æ,–ø–ª–æ—Ö–æ,"–ë–æ–ª—å—à–µ –≥–æ–¥–∞ –ø–æ—Ç—Ä–µ–±–æ–≤–∞–ª–æ—Å—å –Ω–∞ —Ç–æ, —á—Ç–æ–±—ã –∑–∞—Å—ã–ø–∞—Ç—å —è–º—É, –æ–±—Ä–∞–∑–æ–≤–∞–≤—à—É—é—Å—è –æ—Ç –¥–µ–º–æ–Ω—Ç–∞–∂–∞ —Ñ—É–Ω–¥–∞–º–µ–Ω—Ç–∞ –Ω–µ–∑–∞–∫–æ–Ω–Ω–æ–π —Ä–µ–∫–ª–∞–º—ã, –Ω–∞ –ø–µ—Ä–µ–∫—Ä—ë—Å—Ç–∫–µ –õ—É–Ω–∞—á–∞—Ä—Å–∫–æ–≥–æ-–®–µ–≤—á–µ–Ω–∫–æ. –ù—É –∏ —Ä–µ–º–æ–Ω—Ç —Ç—Ä—É–± –Ω–∞ –®–µ–≤—á–µ–Ω–∫–æ –ø–æ—á—Ç–∏ –≤—Å—ë –ª–µ—Ç–æ —Å—ã–≥—Ä–∞–ª –≤ —ç—Ç–æ–º –Ω–µ–≥–∞—Ç–∏–≤–Ω—É—é —Ä–æ–ª—å."
25,–±–ª–∞–≥–æ—É—Å—Ç—Ä–æ–π—Å—Ç–≤–æ,—Ö–æ—Ä–æ—à–æ,"–í –ª–µ—Ç–Ω–∏–π –ø–µ—Ä–∏–æ–¥ 2020 –≥–æ–¥–∞ –±—É–¥—É—Ç –≤—ã–ø–æ–ª–Ω–µ–Ω—ã —Ä–∞–±–æ—Ç—É –ø–æ –ø–æ–Ω–∏–∂–µ–Ω–∏—é –±–æ—Ä—Ç–æ–≤–æ–≥–æ –∫–∞–º–Ω—è –ø–æ –∞–¥—Ä–µ—Å—É: –°—Ç—É–¥–µ–Ω—á–µ—Å–∫–∞—è, –¥. 39."
26,–±–ª–∞–≥–æ—É—Å—Ç—Ä–æ–π—Å—Ç–≤–æ,—Ö–æ—Ä–æ—à–æ,"–í 2020 –≥–æ–¥—É –±—É–¥—É—Ç –∑–∞–º–µ–Ω–µ–Ω—ã —Å–ª–æ–º–∞–Ω–Ω—ã–µ —É—Ä–Ω—ã –ø–æ –∞–¥—Ä–µ—Å—É: —É–ª. –†–µ–ø–∏–Ω–∞, –¥. 2 –≤–æ–∑–ª–µ –¶–µ–Ω—Ç—Ä–∞–ª—å–Ω–æ–≥–æ —Å—Ç–∞–¥–∏–æ–Ω–∞."
27,–∂–∫—Ö,–æ—Ç–ª–∏—á–Ω–æ,"–ü–æ—Å–ª–µ –∂–∞–ª–æ–±—ã –±—ã–ª –ø—Ä–∏–≤–µ–¥—ë–Ω –≤ –Ω–æ—Ä–º–∞—Ç–∏–≤–Ω–æ–µ —Å–æ—Å—Ç–æ—è–Ω–∏–µ –∫–∞–Ω–∞–ª–∏–∑–∞—Ü–∏–æ–Ω–Ω—ã–π –ª—é–∫ –ø–æ –∞–¥—Ä–µ—Å—É: –¢—É—Ä–≥–µ–Ω–µ–≤–∞, –¥.4."
28,—Ç—Ä–∞–Ω—Å–ø–æ—Ä—Ç,–ø–ª–æ—Ö–æ,"–ú—ã –¥–∞–≤–Ω–æ –ø—Ä–∏–∑—ã–≤–∞–µ–º –≥–æ—Ä–æ–¥—Å–∫–∏–µ –≤–ª–∞—Å—Ç–∏ –æ–±–æ—Å–æ–±–∏—Ç—å –≤—Å–µ —Ç—Ä–∞–º–≤–∞–π–Ω—ã–µ –ª–∏–Ω–∏–∏ –≤ –≥–æ—Ä–æ–¥–µ –æ—Ç –∞–≤—Ç–æ–º–æ–±–∏–ª—å–Ω—ã—Ö –¥–æ—Ä–æ–≥. –≠—Ç–æ –∏—Å–∫–ª—é—á–∏—Ç –ø—Ä–æ–±–∫–∏ –∏–∑ –∞–≤—Ç–æ–º–æ–±–∏–ª–µ–π –Ω–∞ —Ç—Ä–∞–º–≤–∞–π–Ω—ã—Ö –ø—É—Ç—è—Ö –∏ –ø–æ–∑–≤–æ–ª–∏—Ç —É—Å–∫–æ—Ä–∏—Ç—å —Ç—Ä–∞–º–≤–∞–π–Ω–æ–µ –¥–≤–∏–∂–µ–Ω–∏–µ –≤ –≥–æ—Ä–æ–¥–µ. –ü–∞—Å—Å–∞–∂–∏—Ä—ã —Ç—Ä–∞–º–≤–∞–µ–≤ —Å–º–æ–≥—É—Ç –¥–∞–∂–µ –≤ —á–∞—Å—ã –ø–∏–∫ –±–µ—Å–ø—Ä–µ–ø—è—Ç—Å—Ç–≤–µ–Ω–Ω–æ –∏ –±—ã—Å—Ç—Ä–æ –ø–µ—Ä–µ–º–µ—â–∞—Ç—å—Å—è –ø–æ –≥–æ—Ä–æ–¥—É! üöà  –ü–æ—Å–º–æ—Ç—Ä–∏—Ç–µ –Ω–∞ –≤–∏–¥–µ–æ —ç—Ç–æ –ø—Ä–æ–±–∫–∞ –Ω–∞ —Ç—Ä–∞–º–≤–∞–π–Ω—ã—Ö –ø—É—Ç—è—Ö –Ω–∞ —É–ª–∏—Ü–µ –õ—É–Ω–∞—á–∞—Ä—Å–∫–æ–≥–æ üòï –†–∞–∑–≤–µ —ç—Ç–æ –Ω–æ—Ä–º–∞–ª—å–Ω–æ? –ù–ï–¢! –ê–≤—Ç–æ–º–æ–±–∏–ª–∏ –Ω–µ –¥–æ–ª–∂–Ω—ã –º–µ—à–∞—Ç—å –ø–µ—Ä–µ–¥–≤–∏–∂–µ–Ω–∏—é –æ–±—â–µ—Å—Ç–≤–µ–Ω–Ω–æ–≥–æ —Ç—Ä–∞–Ω—Å–ø–æ—Ä—Ç–∞, –ø—Ä–æ—Å—Ç–æ –ø–æ—Ç–æ–º—É —á—Ç–æ –≤–æ –≤—Å–µ—Ö –∞–≤—Ç–æ–º–æ–±–∏–ª—è—Ö –≤ –∑–∞—Ç–æ—Ä–µ —Å–∏–¥–∏—Ç –º–∞–∫—Å–∏–º—É–º –Ω–µ—Å–∫–æ–ª—å–∫–æ –¥–µ—Å—è—Ç–∫–æ–≤ —á–µ–ª–æ–≤–µ–∫, –∞ –≤ 4-5 –≤–∞–≥–æ–Ω–∞—Ö —Ç—Ä–∞–º–≤–∞—è –ø–æ–¥ –ø–æ–ª—Ç—ã—Å—è—á–∏ –ª—é–¥–µ–π! –õ–æ–≥–∏—á–Ω–æ, —á—Ç–æ –Ω–µ—Å–∫–æ–ª—å–∫–æ –¥–µ—Å—è—Ç–∫–æ–≤ —á–µ–ª–æ–≤–µ–∫ –≤ –∞–≤—Ç–æ–º–æ–±–∏–ª—è—Ö –¥–æ–ª–∂–Ω—ã —É—Å—Ç—É–ø–∏—Ç—å –¥–æ—Ä–æ–≥—É —Å–æ—Ç–Ω—è–º –ª—é–¥–µ–π –≤ —Ç—Ä–∞–º–≤–∞—è—Ö.  –î–∞–≤–∞–π—Ç–µ –≤—Å–µ –≤–º–µ—Å—Ç–µ –ø–æ–ø—Ä–æ—Å–∏–º –º—ç—Ä–∏—é –ï–∫–∞—Ç–µ—Ä–∏–Ω–±—É—Ä–≥–∞ –æ—Ç–¥–µ–ª–∏—Ç—å —Ç—Ä–∞–º–≤–∞–π–Ω—ã–µ –ø—É—Ç–∏ –Ω–∞ –õ—É–Ω–∞—á–∞—Ä—Å–∫–æ–≥–æ –æ—Ç –∞–≤—Ç–æ–º–æ–±–∏–ª—å–Ω–æ–π –¥–æ—Ä–æ–≥–∏!  –û–±—Ä–∞–∑–µ—Ü –æ–±—Ä–∞—â–µ–Ω–∏—è:  –ù–∞ —É–ª–∏—Ü–µ –õ—É–Ω–∞—á–∞—Ä—Å–∫–æ–≥–æ –Ω–∞ —É—á–∞—Å—Ç–∫–µ –æ—Ç —É–ª. –ú–∞–ª—ã—à–µ–≤–∞ –¥–æ —É–ª. –ö—É–π–±—ã—à–µ–≤–∞ —Å –ø–æ—Å—Ç–æ—è–Ω–Ω–æ–π –ø–µ—Ä–∏–æ–¥–∏—á–Ω–æ—Å—Ç—å—é –≤ —á–∞—Å—ã –ø–∏–∫ –Ω–∞–±–ª—é–¥–∞—é—Ç—Å—è –∞–≤—Ç–æ–º–æ–±–∏–ª—å–Ω—ã–µ –∑–∞—Ç–æ—Ä—ã –Ω–∞ —Ç—Ä–∞–º–≤–∞–π–Ω—ã—Ö –ø—É—Ç—è—Ö, —á—Ç–æ –ø—Ä–µ–ø—è—Ç—Å—Ç–≤—É–µ—Ç —Å–≤–æ–±–æ–¥–Ω–æ–º—É –¥–≤–∏–∂–µ–Ω–∏—é —Ç—Ä–∞–º–≤–∞–µ–≤ –Ω–∞ –¥–∞–Ω–Ω–æ–º —É—á–∞—Å—Ç–∫–µ.    –ü—Ä–æ—à—É —Ä–∞—Å—Å–º–æ—Ç—Ä–µ—Ç—å –≤–æ–∑–º–æ–∂–Ω–æ—Å—Ç—å –≤–∫–ª—é—á–µ–Ω–∏—è –≤ –ø–ª–∞–Ω—ã –Ω–∞ 2020-2021 –≥–æ–¥—ã —Ñ–∏–∑–∏—á–µ—Å–∫–æ–≥–æ –æ–±–æ—Å–æ–±–ª–µ–Ω–∏—è –±–æ—Ä–¥—é—Ä–∞–º–∏ —Ç—Ä–∞–º–≤–∞–π–Ω—ã—Ö –ø—É—Ç–µ–π –ø–æ —É–ª –õ—É–Ω–∞—á–∞—Ä—Å–∫–æ–≥–æ –Ω–∞ —É—á–∞—Å—Ç–∫–µ –æ—Ç —É–ª –ú–∞–ª—ã—à–µ–≤–∞ –¥–æ —É–ª. –ö—É–π–±—ã—à–µ–≤–∞.  –≠–ª–µ–∫—Ç—Ä–æ–Ω–Ω–∞—è –ø—Ä–∏—ë–º–Ω–∞—è –∞–¥–º–∏–Ω–∏—Å—Ç—Ä–∞—Ü–∏–∏ –ï–∫–∞—Ç–µ—Ä–∏–Ω–±—É—Ä–≥–∞: –ï–∫–∞—Ç–µ—Ä–∏–Ω–±—É—Ä–≥.—Ä—Ñ  –ú–∞–∫—Å–∏–º–∞–ª—å–Ω—ã–π —Ä–µ–ø–æ—Å—Ç! üòà"
30,–°–ü–ê–ú,–Ω–µ–π—Ç—Ä–∞–ª—å–Ω–æ,–ü–æ–∑–¥—Ä–∞–≤–ª—è–µ–º –µ–∫–∞—Ç–µ—Ä–∏–Ω–±—É—Ä–≥—Å–∫–∏–π —Ç—Ä–∞–º–≤–∞–π —Å 90-–ª–µ—Ç–∏–µ–º! –£–†–ê!
31,–∂–∫—Ö,—Ö–æ—Ä–æ—à–æ,"–ü–æ –Ω–∞—à–µ–π –∂–∞–ª–æ–±–µ –≤–æ—Å—Å—Ç–∞–Ω–æ–≤–ª–µ–Ω–∞ –Ω–µ—Å—É—â–∞—è —Å—Ç–µ–Ω–∞ –≤ –∞—Ä–∫–µ –∂–∏–ª–æ–≥–æ –¥–æ–º–∞ –Ω–∞ –†–∞—Å—Å–≤–µ—Ç–Ω–æ–π 13 –Ω–∞ –ñ–ë–ò  –ï—Å–ª–∏ –≤ –≤–∞—à–µ–º –¥–æ–º–µ —á—Ç–æ-—Ç–æ —Ä–∞–∑—Ä—É—à–∞–µ—Ç—Å—è –∏–ª–∏ –ø—Ä–æ—Ç–µ–∫–∞–µ—Ç, –∞ —É–ø—Ä–∞–≤–ª—è—é—â–∞—è –∫–æ–º–ø–∞–Ω–∏—è –Ω–∏—á–µ–≥–æ –Ω–µ –ø—Ä–µ–¥–ø—Ä–∏–Ω–∏–º–∞–µ—Ç –¥–ª—è —Ä–µ–º–æ–Ω—Ç–∞, —Ç–æ —Å—Ä–∞–∑—É –∂–µ –æ—Ç–ø—Ä–∞–≤–ª—è–π—Ç–µ –∂–∞–ª–æ–±—É —á–µ—Ä–µ–∑ –Ω–∞—à–µ –ø—Ä–∏–ª–æ–∂–µ–Ω–∏–µ ""–ì—Ä–∞–∂–¥–∞–Ω—Å–∫–∏–π –ø–∞—Ç—Ä—É–ª—å"" https://play.google.com/store/apps/details?id=com.punicapp.citypatrol&hl=ru https://apps.apple.com/ru/app/grazdanskij-patrul/id1079790780?l=en  –ò–Ω—Å—Ç—Ä—É–∫—Ü–∏—è: 1. –£—Å—Ç–∞–Ω–æ–≤–∫–∞ –∏ —Ä–µ–≥–∏—Å—Ç—Ä–∞—Ü–∏—è. –í —Å–ª—É—á–∞–µ –µ—Å–ª–∏ –≤–∞–º –Ω–µ –ø—Ä–∏—à–µ–ª –∫–æ–¥ –¥–ª—è —Ä–µ–≥–∏—Å—Ç—Ä–∞—Ü–∏–∏ –≤ —Å–∏—Å—Ç–µ–º–µ –Ω–∞–ø–∏—à–∏—Ç–µ –≤ —Å–æ–æ–±—â–µ–Ω–∏—è –≥—Ä—É–ø–ø—ã https://vk.com/civilpatrol 2. –í –æ–∫–Ω–µ ""–¢–∏–ø –∂–∞–ª–æ–±—ã"" –Ω—É–∂–Ω–æ –≤—ã–±—Ä–∞—Ç—å –ø—É–Ω–∫—Ç –Ω–∞–∏–±–æ–ª–µ–µ –ø–æ–¥—Ö–æ–¥—è—â–∏–π –ø–æ —Å–º—ã—Å–ª—É –∫ –≤–∞—à–µ–π –ø—Ä–æ–±–ª–µ–º–µ. 3. –í —Ä–∞–∑–¥–µ–ª–µ ¬´–ö–æ–º–º–µ–Ω—Ç–∞—Ä–∏–π¬ª –ø–æ–¥—Ä–æ–±–Ω–æ –æ–ø–∏—à–∏—Ç–µ —Å—É—Ç—å –ø—Ä–æ–±–ª–µ–º—ã. 4. –£–∫–∞–∂–∏—Ç–µ —Ç–æ—á–Ω—ã–π –∞–¥—Ä–µ—Å –∏–ª–∏ –Ω–∞–∏–±–æ–ª–µ–µ –±–ª–∏–∑–∫–æ–µ –∑–¥–∞–Ω–∏–µ, –∞ –≤ –∫–æ–º–º–µ–Ω—Ç–∞—Ä–∏—è—Ö –æ–ø–∏—à–∏—Ç–µ, –∫–∞–∫ –Ω–∞–π—Ç–∏ –Ω–µ–æ–±—Ö–æ–¥–∏–º–æ–µ –º–µ—Å—Ç–æ. –¢–∞–∫–∂–µ –º–æ–∂–Ω–æ –æ—Å—Ç–∞–≤–ª—è—Ç—å –∫–æ–æ—Ä–¥–∏–Ω–∞—Ç—ã —à–∏—Ä–æ—Ç—ã –∏ –¥–æ–ª–≥–æ—Ç—ã (–¥–ª—è —Å–≤–∞–ª–æ–∫ –º—É—Å–æ—Ä–∞ –≤ –ø–∞—Ä–∫–∞—Ö –∏ –ª–µ—Å–∞—Ö). 5. –î–æ–±–∞–≤—å—Ç–µ —Ñ–æ—Ç–æ–≥—Ä–∞—Ñ–∏–∏. –ï—Å–ª–∏ —Ñ–æ—Ç–æ–≥—Ä–∞—Ñ–∏–π –º–Ω–æ–≥–æ —Ç–æ –ø–æ—Å–ª–µ –æ—Ç–ø—Ä–∞–≤–∫–∏ –∂–∞–ª–æ–±—ã –æ—Å—Ç–∞–ª—å–Ω—ã–µ —Ñ–æ—Ç–æ–≥—Ä–∞—Ñ–∏–∏ –º–æ–∂–Ω–æ –æ—Ç–ø—Ä–∞–≤–∏—Ç—å –≤ —Å–æ–æ–±—â–µ–Ω–∏—è –≥—Ä—É–ø–ø—ã https://vk.com/civilpatrol —Å —É–∫–∞–∑–∞–Ω–∏–µ–º –Ω–æ–º–µ—Ä–∞ –∂–∞–ª–æ–±—ã. 6. –ù–∞–∂–º–∏—Ç–µ –∫–Ω–æ–ø–∫—É ¬´–°–æ–∑–¥–∞—Ç—å¬ª.  –ì–æ—Ç–æ–≤–æ. –í—ã –≤–æ—Å—Ö–∏—Ç–∏—Ç–µ–ª—å–Ω—ã! –¢–µ–ø–µ—Ä—å –Ω—É–∂–Ω–æ –∂–¥–∞—Ç—å –æ—Ç–≤–µ—Ç–∞ –æ—Ç —á–∏–Ω–æ–≤–Ω–∏–∫–æ–≤ (–æ–±—ã—á–Ω–æ –º–µ—Å—è—Ü, –æ—Ç–≤–µ—Ç –ø—Ä–∏–¥—ë—Ç –≤ –ø—Ä–∏–ª–æ–∂–µ–Ω–∏–µ) –∏ —Å–ª–µ–¥–∏—Ç—å –∫–∞–∫ –º–µ–Ω—è–µ—Ç—Å—è —Å–∏—Ç—É–∞—Ü–∏—è –ø–æ –≤–∞—à–µ–π –ø—Ä–æ–±–ª–µ–º–µ."
32,–±–ª–∞–≥–æ—É—Å—Ç—Ä–æ–π—Å—Ç–≤–æ,–ø–ª–æ—Ö–æ,"–ù–∞ –•–∏–º–º–∞—à–µ —Ç–æ–ª—å–∫–æ –±–ª–∞–≥–æ—É—Å—Ç—Ä–æ–∏–ª–∏ —Ç—Ä–æ—Ç—É–∞—Ä—ã –∏ –æ–±–Ω–æ–≤–∏–ª–∏ –≥–∞–∑–æ–Ω—ã, –∏ —Ç—É—Ç –∂–µ –ø—Ä–∏–µ—Ö–∞–ª —É–±–∏—Ä–∞—Ç—å —Å–Ω–µ–≥ –¥–æ–±–ª–µ—Å—Ç–Ω—ã–π —Ç—Ä–∞–∫—Ç–æ—Ä–∏—Å—Ç –∏–∑ –ß–∫–∞–ª–æ–≤—Å–∫–æ–≥–æ –î–≠–£, —á—Ç–æ–±—ã –≤—Å—ë –ø—Ä–∏–≤–µ—Å—Ç–∏ –≤ ""–Ω–∞–¥–ª–µ–∂–∞—â–µ–µ"" —Å–æ—Å—Ç–æ—è–Ω–∏–µ. –ö—É–¥–∞ –Ω–∞–ø—Ä–∞–≤–ª—è—Ç—å –∂–∞–ª–æ–±—É –Ω–µ –∑–Ω–∞—é, —Ç–∞–∫ –∫–∞–∫ –∞–¥–º–∏–Ω–∏—Å—Ç—Ä–∞—Ü–∏—è –ß–∫–∞–ª–æ–≤—Å–∫–æ–≥–æ —Ä–∞–π–æ–Ω–∞ –Ω–∞–≤–µ—Ä–Ω—è–∫–∞ –Ω–∏—á–µ–≥–æ, –∏—Å—Ö–æ–¥—è –∏–∑ –æ–ø—ã—Ç–∞, –¥–µ–ª–∞—Ç—å –Ω–µ –±—É–¥–µ—Ç..."
33,–°–ü–ê–ú,–Ω–µ–π—Ç—Ä–∞–ª—å–Ω–æ,"–í –ø—è—Ç–Ω–∏—Ü—É –≤ –ï–∫–∞—Ç–µ—Ä–∏–Ω–±—É—Ä–≥ –ø—Ä–∏–ª–µ—Ç–∞–µ—Ç —Ä—É–∫–æ–≤–æ–¥–∏—Ç–µ–ª—å –ì—Ä–∞–∂–¥–∞–Ω—Å–∫–æ–≥–æ –ø–∞—Ç—Ä—É–ª—è –†–æ—Å—Ç–∏—Å–ª–∞–≤ –ê–Ω—Ç–æ–Ω–æ–≤ - —Å–æ–∑–¥–∞—Ç–µ–ª—å –Ω–∞—à–µ–≥–æ –ø—Ä–∏–ª–æ–∂–µ–Ω–∏—è –¥–ª—è –æ—Ç–ø—Ä–∞–≤–∫–∏ –∂–∞–ª–æ–±.  –ö–æ–º—É –∏–Ω—Ç–µ—Ä–µ—Å–Ω–æ –≤—Å—Ç—Ä–µ—Ç–∏—Ç—å—Å—è, –ø–æ–æ–±—â–∞—Ç—å—Å—è –≤ –ø—è—Ç–Ω–∏—Ü—É –≤ 18.30 –ø—Ä–∏—Ö–æ–¥–∏—Ç–µ –Ω–∞ –•–∏–º–∏–∫–æ–≤ 3 –≤ –∫–∞—Ñ–µ –ë–∞–±—É—à–∫–∞-–ú–∞—Ä—É—Å—è."
34,–±–ª–∞–≥–æ—É—Å—Ç—Ä–æ–π—Å—Ç–≤–æ,–ø–ª–æ—Ö–æ,"–ù–∞ –ö—É–π–±—ã—à–µ–≤–∞-–ë–µ–ª–∏–Ω—Å–∫–æ–≥–æ –°–∏–Ω–∞—Ä–∞ –ø–æ–≤–µ—Å–∏–ª–∞ –≥–∏–≥–∞–Ω—Ç—Å–∫–∏–π —Å–ª–µ–ø—è—â–∏–π —ç–∫—Ä–∞–Ω, –∑–∞—Ç—Ä—É–¥–Ω—è–µ—Ç –≤–æ–∂–¥–µ–Ω–∏–µ."
35,–±–ª–∞–≥–æ—É—Å—Ç—Ä–æ–π—Å—Ç–≤–æ,–ø–ª–æ—Ö–æ,"–ü–æ–º–Ω–∏—Ç–µ –Ω–æ–≤–æ—Å—Ç—å –ø—Ä–æ —Å–∫–≤–µ—Ä, –≥–¥–µ –ø–æ—Å—Ç–∞–≤–∏–ª–∏ —Ñ–æ–Ω–∞—Ä–∏, –∫–æ—Ç–æ—Ä—ã–µ –Ω–µ –≥–æ—Ä—è—Ç? –¢–∞–∫ –≤–æ—Ç –ø–∞—Ä—É –Ω–µ–¥–µ–ª—å –æ–Ω–∏ –ø–æ—Ä–∞–±–æ—Ç–∞–ª–∏ –∏ –≤–æ—Ç –æ–ø—è—Ç—å:). –ê –º–Ω–µ, –Ω–∞–≤–µ—Ä–Ω–æ ""–±–æ–ª—å—à–µ –≤—Å–µ—Ö –Ω–∞–¥–æ"", ""—Ç–æ–∂–µ –º–Ω–µ —É–º–Ω—ã–π –Ω–∞—à—ë–ª—Å—è""... (–∫–æ–ª—å—Ü–æ –Ø—Å–Ω–∞—è –ë–∞–¥–∏–Ω–∞, –¥–æ –∫–¥—Ü –¥—Ä—É–∂–±—ã –∏ –¥–∞–ª—å—à–µ)"
36,–±–ª–∞–≥–æ—É—Å—Ç—Ä–æ–π—Å—Ç–≤–æ,—Ö–æ—Ä–æ—à–æ,"–ú–Ω–æ–≥–∏–µ, –Ω–∞–≤–µ—Ä–Ω–æ, –ø–æ–º–Ω—è—Ç –Ω–µ–∫—Ä–∞—Å–∏–≤—É—é –∏—Å—Ç–æ—Ä–∏—é —Å —á–∞—Å—Ç–Ω—ã–º –º—É–∑–µ–µ–º –∫–∞–º–Ω—è, –∫–æ—Ç–æ—Ä—ã–π –≤ 2015 –≥. –≤—ã–≥–Ω–∞–ª–∏ –∏–∑ –∑–¥–∞–Ω–∏—è –≥–æ—Å—Ç–∏–Ω–∏—Ü—ã –ë–æ–ª—å—à–æ–π –£—Ä–∞–ª? –î–ª—è –±–æ—Ä—å–±—ã —Å –º—É–∑–µ–µ–º —Å–æ–±—Å—Ç–≤–µ–Ω–Ω–∏–∫–∏ (–∞ –∑–¥–∞–Ω–∏–µ –≤ —Ñ–µ–¥–µ—Ä–∞–ª—å–Ω–æ–π —Å–æ–±—Å—Ç–≤–µ–Ω–Ω–æ—Å—Ç–∏) —É—Å—Ç–∞–Ω–æ–≤–∏–ª–∏ —É—Ä–æ–¥–ª–∏–≤—ã–π –±–µ—Ç–æ–Ω–Ω—ã–π –∑–∞–±–æ—Ä, –ø—Ä–∏—á—ë–º –Ω–∞ –∑–µ–º–ª–µ –æ–±—â–µ–≥–æ –ø–æ–ª—å–∑–æ–≤–∞–Ω–∏—è. –ò –≤–æ—Ç, –Ω–µ—Å–º–æ—Ç—Ä—è –Ω–∞ –ø–æ–ª—É—á–µ–Ω–Ω—ã–π –æ—Ç–≤–µ—Ç, —á—Ç–æ –∑–∞–±–æ—Ä —É—Å—Ç–∞–Ω–æ–≤–ª–µ–Ω —Å —Ü–µ–ª—å—é –±–µ–∑–æ–ø–∞—Å–Ω–æ—Å—Ç–∏, –µ–≥–æ –±–æ–ª—å—à–µ –Ω–µ—Ç."
37,–∂–∫—Ö,—Ö–æ—Ä–æ—à–æ,"–í–æ–¥–æ–∫–∞–Ω–∞–ª –ø—Ä–∏–≤—ë–ª –≤ –Ω–∞–¥–ª–µ–∂–∞—â–µ–µ —Å–æ—Å—Ç–æ—è–Ω–∏–µ –ª—é–∫ –Ω–∞ –•–æ—Ö—Ä—è–∫–æ–≤–∞ 104, –∏ –µ–º—É –Ω–∞ —ç—Ç–æ –ø–æ–Ω–∞–¥–æ–±–∏–ª–æ—Å—å –≤—Å–µ–≥–æ –ª–∏—à—å 5 –º–µ—Å—è—Ü–µ–≤. –†—è–¥–æ–º –ø–∞—Ä–∫ –ó–µ–ª—ë–Ω–∞—è —Ä–æ—â–∞, —Å—Ç–∞–¥–∏–æ–Ω –Æ–Ω–æ—Å—Ç—å, –Ω–æ –µ—Å–ª–∏ —á—Ç–æ, —Ç–æ –≤–∏–Ω–æ–≤–∞—Ç—ã –ø–µ—à–µ—Ö–æ–¥—ã, –∫–æ—Ç–æ—Ä—ã–µ –Ω–µ —Å–º–æ—Ç—Ä—è—Ç –ø–æ–¥ –Ω–æ–≥–∏"
38,—Ç—Ä–∞–Ω—Å–ø–æ—Ä—Ç,–ø–ª–æ—Ö–æ,"–í–º–µ—Å—Ç–µ —Å —Ç–µ–º –Ω–∞–º –æ—Ç–∫–∞–∑–∞–ª–∏ –≤ –ø–µ—Ä–µ–Ω–æ—Å–µ –∑–∞ –ø–æ–≤–æ—Ä–æ—Ç —Ç—Ä–∞–º–≤–∞–π–Ω–æ–π –æ—Å—Ç–∞–Ω–æ–≤–∫–∏ ""–î–æ–º –•—É–¥–æ–∂–Ω–∏–∫–∞"" üò° –Ω–æ –º—ã –ø—Ä–æ–¥–æ–ª–∂–∏–º –±–æ—Ä–æ—Ç—å—Å—è –∑–∞ –±–µ–∑–æ–ø–∞—Å–Ω–æ—Å—Ç—å –ø–∞—Å—Å–∞–∂–∏—Ä–æ–≤ –æ–±—â–µ—Å—Ç–≤–µ–Ω–Ω–æ–≥–æ —Ç—Ä–∞–Ω—Å–ø–æ—Ä—Ç–∞ –ï–∫–∞—Ç–µ—Ä–∏–Ω–±—É—Ä–≥–∞!  –ü–æ—Å–º–æ—Ç—Ä–∏—Ç–µ –≤–∏–¥–µ–æ —Å –æ—Å—Ç–∞–Ω–æ–≤–∫–∏ ""–î–æ–º –•—É–¥–æ–∂–Ω–∏–∫–∞"" –∏ –æ—Ü–µ–Ω–∏—Ç–µ –Ω–∞—Å–∫–æ–ª—å–∫–æ —Ç–∞–º –æ–ø–∞—Å–Ω–æ. –ß–∏–Ω–æ–≤–Ω–∏–∫–∏ –ø–æ—á–µ–º—É —Ç–æ –≤ —É–ø–æ—Ä –≤–∏–¥—è—Ç –Ω–∏–∫–∞–∫–æ–π –æ–ø–∞—Å–Ω–æ—Å—Ç–∏."
39,—Ç—Ä–∞–Ω—Å–ø–æ—Ä—Ç,—Ö–æ—Ä–æ—à–æ,"–£–†–ê–ê–ê–ê–ê–ê–ê–ê–ê!  –†–µ–∫–æ–Ω—Å—Ç—Ä—É–∫—Ü–∏—é —Ç—Ä–∞–º–≤–∞–π–Ω–æ–π –æ—Å—Ç–∞–Ω–æ–≤–∫–∏ –®–∞—Ä—Ç–∞—à—Å–∫–∞—è (–≤ –æ–±–µ —Å—Ç–æ—Ä–æ–Ω—ã) –≤–∫–ª—é—á–∞—Ç –≤ –ø–ª–∞–Ω—ã –Ω–∞ 2020-2021 –≥–æ–¥—ã. –ù–∞ –æ—Å—Ç–∞–Ω–æ–≤–∫–∞—Ö –ø–æ—Å—Ç—Ä–æ—è—Ç –ø–æ—Å–∞–¥–æ—á–Ω—ã–µ –ø–ª–æ—â–∞–¥–∫–∏, –∞ –∑–Ω–∞—á–∏—Ç —É–∂–µ —á–µ—Ä–µ–∑ –Ω–µ—Å–∫–æ–ª—å–∫–æ –ª–µ—Ç –æ—Å—Ç–∞–Ω–æ–≤–∫–∞ —Å—Ç–∞–Ω–µ—Ç –≥–æ—Ä–∞–∑–¥–æ –±–æ–ª–µ–µ –±–µ–∑–æ–ø–∞—Å–Ω–æ–π –¥–ª—è –ø–∞—Å—Å–∞–∂–∏—Ä–æ–≤ —Ç—Ä–∞–º–≤–∞–µ–≤ —á–µ–º —Å–µ–≥–æ–¥–Ω—è!"
40,–±–ª–∞–≥–æ—É—Å—Ç—Ä–æ–π—Å—Ç–≤–æ,–ø–ª–æ—Ö–æ,"–§–∞—Å–∞–¥ –±—ã–≤—à–µ–≥–æ –∏–Ω—Å—Ç–∏—Ç—É—Ç–∞ –Ω–∞ –õ—É–Ω–∞—á–∞—Ä—Å–∫–æ–≥–æ 31 –æ—á–∏—Å—Ç–∏–ª–∏ –æ—Ç –≥—Ä–∞—Ñ—Ñ–∏—Ç–∏. –ù—É –∫–∞–∫ –æ—á–∏—Å—Ç–∏–ª–∏ - –∑–∞–º–∞–∑–∞–ª–∏ –µ—â—ë –æ–¥–Ω–∏–º —Å–ª–æ–µ–º –∫—Ä–∞—Å–∫–∏ –∏ –ø–æ–ª—É—á–∏–≤—à–∏–π—Å—è —Å–µ—Ä—ã–π —Ö–æ–ª—Å—Ç –∞–∂ —Ç—è–Ω–µ—Ç –∏ –∑–æ–≤—ë—Ç –Ω–∞—Ä–∏—Å–æ–≤–∞—Ç—å –Ω–∞ –Ω—ë–º —á—Ç–æ-–Ω–∏–±—É–¥—å –µ—â—ë. –ê –≤–µ–¥—å –Ω–∞ —Å–∞–º–æ–º –¥–µ–ª–µ —Ñ–∞—Å–∞–¥ –æ–±–ª–∏—Ü–æ–≤–∞–Ω —Ç–æ–ª—Å—Ç—ã–º–∏ –≥—Ä–∞–Ω–∏—Ç–Ω—ã–º–∏ –ø–ª–∏—Ç–∞–º–∏, —É –∫–æ—Ç–æ—Ä—ã—Ö —ç—Å—Ç–µ—Ç–∏—á–µ—Å–∫–∞—è –ø—Ä–∏–≤–ª–µ–∫–∞—Ç–µ–ª—å–Ω–æ—Å—Ç—å –±–æ–ª—å—à–µ —Å–∞–º–æ–π –¥–µ—à—ë–≤–æ–π –∫—Ä–∞—Å–∫–∏..."
42,–±–ª–∞–≥–æ—É—Å—Ç—Ä–æ–π—Å—Ç–≤–æ,–æ—Ç–ª–∏—á–Ω–æ,"–ò –≤–æ—Ç –ø–æ-–Ω–∞—Å—Ç–æ—è—â–µ–º—É —Ä–µ–¥–∫–æ–µ, –Ω–æ –ø—Ä–∏—è—Ç–Ω–æ–µ —Å–æ–±—ã—Ç–∏–µ –≤ –Ω–∞—à–µ–º –≥–æ—Ä–æ–¥–µ: –≤ —Å–æ—Ö—Ä–∞–Ω–∏–≤—à–∏–π—Å—è –∑–µ–º–ª—è–Ω–æ–π —Å—Ç–∞–∫–∞–Ω –Ω–∞ –ú–∞–º–∏–Ω–∞-–°–∏–±–∏—Ä—è–∫–∞ (—Ä—è–¥–æ–º —Å –®–µ–≤—á–µ–Ω–∫–æ) –ø–æ—Å–∞–¥–∏–ª–∏ –Ω–æ–≤–æ–µ –¥–µ—Ä–µ–≤–æ, –∞ –Ω–µ –∑–∞–∫–∞—Ç–∞–ª–∏ —ç—Ç–æ –º–µ—Å—Ç–æ –≤ –∞—Å—Ñ–∞–ª—å—Ç. –û—Å—Ç–∞—ë—Ç—Å—è –Ω–∞–¥–µ—è—Ç—å—Å—è, —á—Ç–æ–±—ã —Ö–æ—Ä–æ—à–æ –ø—Ä–∏–∂–∏–ª–æ—Å—å. –ì–ª—è–¥–∏—à—å, –∏ –Ω–∞—É—á–∞—Ç—Å—è –ø—Ä–∏—Å—Ç–≤–æ–ª—å–Ω–æ–µ –ø—Ä–æ—Å—Ç—Ä–∞–Ω—Å—Ç–≤–æ –¥–µ–ª–∞—Ç—å, —á—Ç–æ–±—ã —Å–≤–µ–∂—É—é –ø–æ—á–≤—É –Ω–µ –≤—ã–º—ã–≤–∞–ª–æ –¥–æ–∂–¥—è–º–∏"
43,–°–ü–ê–ú,–Ω–µ–π—Ç—Ä–∞–ª—å–Ω–æ,"–° —Ç—Ä–æ–ª–ª–µ–π–±—É—Å–æ–º —á—Ç–æ-—Ç–æ –Ω–µ —Ç–∞–∫. –û—á–µ–Ω—å –ø–æ—Ö–æ–∂–µ, —á—Ç–æ –æ–Ω –ø–æ–µ–¥–∞–µ—Ç –ø–ª–∏—Ç–∫—É. üòä"
44,—Ç—Ä–∞–Ω—Å–ø–æ—Ä—Ç,—Ö–æ—Ä–æ—à–æ,"–ò—Å–ø—Ä–∞–≤–ª–µ–Ω–æ –Ω–∞–∑–≤–∞–Ω–∏–µ –æ—Å—Ç–∞–Ω–æ–≤–∫–∏ –Ω–∞ —Ç–µ–∫—É—â–µ–µ: —Å –ö–æ—Ä–æ–ª–µ–Ω–∫–æ –Ω–∞ –ü—Ä–æ—Ç–µ–∑–Ω–æ-–æ—Ä—Ç–æ–ø–µ–¥–∏—á–µ—Å–∫–æ–µ –ø—Ä–µ–¥–ø—Ä–∏—è—Ç–∏–µ... P.S. –í—ã–≤–µ—Å–∫—É –ü—Ä–æ–¥—É–∫—Ç—ã —Ç–æ–∂–µ –∏—Å–ø—Ä–∞–≤–ª—è–ª–∏, –Ω–æ –æ–Ω–∞ —Å–Ω–æ–≤–∞ –±—ã—Å—Ç—Ä–æ –æ—Ç–≤–∞–ª–∏–ª–∞—Å—å"
45,–±–ª–∞–≥–æ—É—Å—Ç—Ä–æ–π—Å—Ç–≤–æ,–ø–ª–æ—Ö–æ,"–ü–µ—Ä–µ–∫—Ä–µ—Å—Ç–æ–∫ –ü–æ–±–µ–¥—ã- –ò–Ω–¥—É—Å—Ç—Ä–∏–∏, –≤ —ç—Ç–æ–º –≥–æ–¥—É –¥–æ—Ä–æ–≥—É –ø–æ —É–ª–∏—Ü–µ –ò–Ω–¥—É—Å—Ç—Ä–∏–∏ —Ä–µ–º–æ–Ω—Ç–∏—Ä–æ–≤–∞–ª–∏.. –≤ –∏—Ç–æ–≥–µ –ª–∏–≤–Ω–µ–≤–∫–∞ –Ω–∞—Ö–æ–¥–∏—Ç—å—Å—è –ø–æ —É—Ä–æ–≤–Ω—é –≤—ã—à–µ —á–µ–º —á–∞—Å—Ç—å –¥–æ—Ä–æ–≥–∏ –∏ –≤ –¥–æ–∂–¥—å –Ω–∞ –¥–æ—Ä–æ–≥–µ –≤–æ—Ç —Ç–∞–∫((  –û—Ç–ø—Ä–∞–≤–ª—è–π—Ç–µ –∂–∞–ª–æ–±—ã –Ω–∞ –ø—Ä–æ–±–ª–µ–º—ã –≤–∞—à–µ–π —É–ª–∏—Ü—ã —á–µ—Ä–µ–∑ –Ω–∞—à–µ –ø—Ä–∏–ª–æ–∂–µ–Ω–∏–µ ""–ì—Ä–∞–∂–¥–∞–Ω—Å–∫–∏–π –ø–∞—Ç—Ä—É–ª—å""  https://play.google.com/store/apps/details?id=com.punicapp.citypatrol&hl=ru https://apps.apple.com/ru/app/grazdanskij-patrul/id1079790780?l=en   –ò–Ω—Å—Ç—Ä—É–∫—Ü–∏—è:  1. –£—Å—Ç–∞–Ω–æ–≤–∫–∞ –∏ —Ä–µ–≥–∏—Å—Ç—Ä–∞—Ü–∏—è. –í —Å–ª—É—á–∞–µ –µ—Å–ª–∏ –≤–∞–º –Ω–µ –ø—Ä–∏—à–µ–ª –∫–æ–¥ –¥–ª—è —Ä–µ–≥–∏—Å—Ç—Ä–∞—Ü–∏–∏ –≤ —Å–∏—Å—Ç–µ–º–µ –Ω–∞–ø–∏—à–∏—Ç–µ –≤ —Å–æ–æ–±—â–µ–Ω–∏—è –≥—Ä—É–ø–ø—ã https://vk.com/civilpatrol  2. –í –æ–∫–Ω–µ ""–¢–∏–ø –∂–∞–ª–æ–±—ã"" –Ω—É–∂–Ω–æ –≤—ã–±—Ä–∞—Ç—å –ø—É–Ω–∫—Ç –Ω–∞–∏–±–æ–ª–µ–µ –ø–æ–¥—Ö–æ–¥—è—â–∏–π –ø–æ —Å–º—ã—Å–ª—É –∫ –≤–∞—à–µ–π –ø—Ä–æ–±–ª–µ–º–µ.  3. –í —Ä–∞–∑–¥–µ–ª–µ ¬´–ö–æ–º–º–µ–Ω—Ç–∞—Ä–∏–π¬ª –ø–æ–¥—Ä–æ–±–Ω–æ –æ–ø–∏—à–∏—Ç–µ —Å—É—Ç—å –ø—Ä–æ–±–ª–µ–º—ã.  4. –£–∫–∞–∂–∏—Ç–µ —Ç–æ—á–Ω—ã–π –∞–¥—Ä–µ—Å –∏–ª–∏ –Ω–∞–∏–±–æ–ª–µ–µ –±–ª–∏–∑–∫–æ–µ –∑–¥–∞–Ω–∏–µ, –∞ –≤ –∫–æ–º–º–µ–Ω—Ç–∞—Ä–∏—è—Ö –æ–ø–∏—à–∏—Ç–µ, –∫–∞–∫ –Ω–∞–π—Ç–∏ –Ω–µ–æ–±—Ö–æ–¥–∏–º–æ–µ –º–µ—Å—Ç–æ. –¢–∞–∫–∂–µ –º–æ–∂–Ω–æ –æ—Å—Ç–∞–≤–ª—è—Ç—å –∫–æ–æ—Ä–¥–∏–Ω–∞—Ç—ã —à–∏—Ä–æ—Ç—ã –∏ –¥–æ–ª–≥–æ—Ç—ã (–¥–ª—è —Å–≤–∞–ª–æ–∫ –º—É—Å–æ—Ä–∞ –≤ –ø–∞—Ä–∫–∞—Ö –∏ –ª–µ—Å–∞—Ö).  5. –î–æ–±–∞–≤—å—Ç–µ —Ñ–æ—Ç–æ–≥—Ä–∞—Ñ–∏–∏. –ï—Å–ª–∏ —Ñ–æ—Ç–æ–≥—Ä–∞—Ñ–∏–π –º–Ω–æ–≥–æ —Ç–æ –ø–æ—Å–ª–µ –æ—Ç–ø—Ä–∞–≤–∫–∏ –∂–∞–ª–æ–±—ã –æ—Å—Ç–∞–ª—å–Ω—ã–µ —Ñ–æ—Ç–æ–≥—Ä–∞—Ñ–∏–∏ –º–æ–∂–Ω–æ –æ—Ç–ø—Ä–∞–≤–∏—Ç—å –≤ —Å–æ–æ–±—â–µ–Ω–∏—è –≥—Ä—É–ø–ø—ã https://vk.com/civilpatrol —Å —É–∫–∞–∑–∞–Ω–∏–µ–º –Ω–æ–º–µ—Ä–∞ –∂–∞–ª–æ–±—ã.  6. –ù–∞–∂–º–∏—Ç–µ –∫–Ω–æ–ø–∫—É ¬´–°–æ–∑–¥–∞—Ç—å¬ª.    –ì–æ—Ç–æ–≤–æ. –í—ã –≤–æ—Å—Ö–∏—Ç–∏—Ç–µ–ª—å–Ω—ã! –¢–µ–ø–µ—Ä—å –Ω—É–∂–Ω–æ –∂–¥–∞—Ç—å –æ—Ç–≤–µ—Ç–∞ –æ—Ç —á–∏–Ω–æ–≤–Ω–∏–∫–æ–≤ (–æ–±—ã—á–Ω–æ –º–µ—Å—è—Ü, –æ—Ç–≤–µ—Ç –ø—Ä–∏–¥—ë—Ç –≤ –ø—Ä–∏–ª–æ–∂–µ–Ω–∏–µ) –∏ —Å–ª–µ–¥–∏—Ç—å –∫–∞–∫ –º–µ–Ω—è–µ—Ç—Å—è —Å–∏—Ç—É–∞—Ü–∏—è –ø–æ –≤–∞—à–µ–π –ø—Ä–æ–±–ª–µ–º–µ."
46,–±–ª–∞–≥–æ—É—Å—Ç—Ä–æ–π—Å—Ç–≤–æ,–ø–ª–æ—Ö–æ,–°–µ–≥–æ–¥–Ω—è –Ω–∞—à–µ–≥–æ –≤–æ–ª–æ–Ω—Ç—ë—Ä–∞ —á—É—Ç—å –Ω–µ –ø–æ–∫–∞–ª–µ—á–∏–ª–∞ —à—Ç—É–∫–∞—Ç—É—Ä–∫–∞ –æ–±–≤–∞–ª–∏–≤—à–∞—è—Å—è —Å —Ñ–∞—Å–∞–¥–∞ –¥–æ–º–∞ 137 –ø–æ —É–ª–∏—Ü–µ –ú–∞–º–∏–Ω–∞- –°–∏–±–∏—Ä—è–∫–∞. –≠—Ç–æ —Å–∞–º—ã–π —Ü–µ–Ω—Ç—Ä - –º–µ–∂–¥—É –ü–µ—Ä–≤–æ–º–∞–π—Å–∫–æ–π –∏ –õ–µ–Ω–∏–Ω–∞.  –ì–æ—Ç–æ–≤–∏–º –∂–∞–ª–æ–±—É. –ï—Å–ª–∏ –≤—ã –∑–∞–º–µ—Ç–∏–ª–∏ —á—Ç–æ –≥–¥–µ-—Ç–æ —Ç–∞–∫–∂–µ –æ–±–≤–∞–ª–∏–≤–∞–µ—Ç—Å—è —à—Ç—É–∫–∞—Ç—É—Ä–∫–∞ —Å —Ñ–∞—Å–∞–¥–∞ –∏–ª–∏ –æ—Å—ã–ø–∞—é—Ç—Å—è –±–∞–ª–∫–æ–Ω—ã - —Å–∫–∏–¥—ã–≤–∞–π—Ç–µ —Ñ–æ—Ç–æ –Ω–∞–º!
47,–°–ü–ê–ú,–Ω–µ–π—Ç—Ä–∞–ª—å–Ω–æ,–ö–æ–≥–¥–∞ –¥–æ–ª–≥–æ –Ω–µ—Ç –∞–≤—Ç–æ–±—É—Å–∞.
48,–±–ª–∞–≥–æ—É—Å—Ç—Ä–æ–π—Å—Ç–≤–æ,–ø–ª–æ—Ö–æ,"–£–≥–æ–ª –†–∞–¥–∏—â–µ–≤–∞ –∏ –î–æ–±—Ä–æ–ª—é–±–æ–≤–∞ - —Ü–µ–Ω—Ç—Ä –≥–æ—Ä–æ–¥–∞, –≤–ø–µ—Ä–µ–¥–∏ —Å–ª–µ–≤–∞ –ø–æ–ª–ø—Ä–µ–¥—Å—Ç–≤–æ, –¥–∞–ª—å—à–µ –ø—Ä—è–º–æ –æ–±–Ω–æ–≤–ª–µ–Ω–Ω–∞—è –Ω–∞–±–µ—Ä–µ–∂–Ω–∞—è, –Ω–æ —á—Ç–æ —ç—Ç–æ –ø—Ä—è–º–æ –ø–µ—Ä–µ–¥ –Ω–∞–º–∏? –í—Å—ë –ø—Ä–æ—Å—Ç–æ - —ç—Ç–æ –Ω–∞—à–∞ –ª—é–±–∏–º–∞—è –≥–æ—Ä–æ–¥—Å–∫–∞—è –≥—Ä—è–∑—å! –ê –Ω–µ –≥–∞–∑–æ–Ω, –∫–∞–∫ —Å—á–∏—Ç–∞–µ—Ç –ì–û–°–¢ –∏ —á–∏–Ω–æ–≤–Ω–∏–∫–∏. –í–æ—Ç –±—É–∫–≤–∞–ª—å–Ω–æ —Å–µ–π—á–∞—Å —Ç—Ä–æ—Ç—É–∞—Ä –µ—Å—Ç—å –∏ –Ω–∞ –¥—Ä—É–≥–æ–π —Å—Ç–æ—Ä–æ–Ω–µ —É–ª–∏—Ü—ã –æ–Ω —Ç–æ–∂–µ –µ—Å—Ç—å, –∞ –¥–æ—Ä–æ–≥—É –∑–¥–µ—Å—å –ø–µ—Ä–µ—Ö–æ–¥–∏—Ç—å –Ω–µ —Å–º–µ–π. –¢—É—Ç –æ–ø–∞—Å–Ω–æ. –¢–æ–ª—å–∫–æ –ª—é–¥–∏ –±—É–¥—É—Ç –ø—Ä–æ–¥–æ–ª–∂–∞—Ç—å –ø–µ—Ä–µ—Ö–æ–¥–∏—Ç—å —É–ª–∏—Ü—É –∏ –∑–∞–¥–∞—á–∞ —á–∏–Ω–æ–≤–Ω–∏–∫–æ–≤ —Å–¥–µ–ª–∞—Ç—å —ç—Ç–æ –±–µ–∑–æ–ø–∞—Å–Ω–æ –∏ —É–¥–æ–±–Ω–æ, –ø—Ä–∏ —Ç–æ–º —á—Ç–æ —Ä–∞—Å—Å—Ç–æ—è–Ω–∏—è –∏ –≤–∏–¥–∏–º–æ—Å—Ç—å –¥–æ—Ä–æ–≥–∏ —ç—Ç–æ –ø–æ–∑–≤–æ–ª—è—é—Ç, –∞ –Ω–µ —Å—Å—ã–ª–∞—Ç—å—Å—è –Ω–∞ —Ç–µ—Ö–Ω–∏—á–µ—Å–∫–∏–π –ø–∞—Å–ø–æ—Ä—Ç! –°–∞–º–æ–µ –∏–Ω—Ç–µ—Ä–µ—Å–Ω–æ–µ, —á—Ç–æ –ø–∞–Ω–æ—Ä–∞–º—ã —è–Ω–¥–µ–∫—Å.–∫–∞—Ä—Ç –ø–æ–∫–∞–∑—ã–≤–∞—é—Ç, —á—Ç–æ —Ä–∞–Ω—å—à–µ –∑–¥–µ—Å—å –±—ã–ª–æ –Ω–æ—Ä–º–∞–ª—å–Ω–æ–µ –ø–æ–∫—Ä—ã—Ç–∏–µ, –Ω–æ –Ω–µ –∑–∞–±—ã–≤–∞–π—Ç–µ —Å–µ–π—á–∞—Å –∏–¥—ë—Ç —Ä–∞–±–æ—Ç–∞ –ø–æ –±–µ–∑–æ–ø–∞—Å–Ω—ã–º –∏ –∫–∞—á–µ—Å—Ç–≤–µ–Ω–Ω—ã–º –¥–æ—Ä–æ–≥–∞–º, –∞ –¥–ª—è —ç—Ç–æ–≥–æ —Ç—Ä–æ—Ç—É–∞—Ä –Ω–∞–¥–æ —É–±—Ä–∞—Ç—å!"
49,—Ç—Ä–∞–Ω—Å–ø–æ—Ä—Ç,–ø–ª–æ—Ö–æ,"–ù–û–í–´–ï –ü–†–û–ï–ó–î–ù–´–ï –ë–ò–õ–ï–¢–´ –î–õ–Ø –®–ö–û–õ–¨–ù–ò–ö–û–í  –í —Å–µ–Ω—Ç—è–±—Ä–µ –º—ã –≤—Å–µ –≤–º–µ—Å—Ç–µ –æ—Ç–ø—Ä–∞–≤–ª—è–ª–∏ –æ–±—Ä–∞—â–µ–Ω–∏—è –∑–∞–º–µ—Å—Ç–∏—Ç–µ–ª—é –ì–ª–∞–≤—ã –ï–∫–∞—Ç–µ—Ä–∏–Ω–±—É—Ä–≥–∞ –ø–æ –≤–æ–ø—Ä–æ—Å–∞–º –±–ª–∞–≥–æ—É—Å—Ç—Ä–æ–π—Å—Ç–≤–∞, —Ç—Ä–∞–Ω—Å–ø–æ—Ä—Ç–∞ –∏ —ç–∫–æ–ª–æ–≥–∏–∏  –ë—É–±–Ω–æ–≤—É –ê–ª–µ–∫—Å–µ—é –≠–¥—É–∞—Ä–¥–æ–≤–∏—á—É —Å –ø—Ä–æ—Å—å–±–æ–π –≤–Ω–µ–¥—Ä–∏—Ç—å –Ω–∞ –º—É–Ω–∏—Ü–∏–ø–∞–ª—å–Ω–æ–º —Ç—Ä–∞–Ω—Å–ø–æ—Ä—Ç–µ –≤–º–µ–Ω—è–µ–º—É—é —Å–∏—Å—Ç–µ–º—É –ø—Ä–æ–µ–∑–¥–Ω—ã—Ö –±–∏–ª–µ—Ç–æ–≤ –ø–æ –ø—Ä–∏–º–µ—Ä—É –ú–æ—Å–∫–≤—ã.  –ö–æ–Ω–µ—á–Ω–æ –Ω–∞–º –æ—Ç–∫–∞–∑–∞–ª–∏ –¥–∞–∂–µ –Ω–µ –≤–Ω–∏–∫–∞—è –≤ —Å—É—Ç—å –Ω–∞—à–∏—Ö –ø—Ä–µ–¥–ª–æ–∂–µ–Ω–∏–π, –∞ –ø—Ä–æ—Å—Ç–æ –∏—Å–ø–∏—Å–∞–≤ —Ç—Ä–∏ –ª–∏—Å—Ç–∞ –±—É–º–∞–≥–∏ –≤—ã–¥–µ—Ä–∂–∫–∞–º–∏ –∏–∑ –∑–∞–∫–æ–Ω–æ–≤ ¬Ø\_(„ÉÑ)_/¬Ø  –ú–Ω–µ —Ç–∞–∫ –≤–æ–æ–±—â–µ –ø—Ä–∏—Å–ª–∞–ª–∏ —Ç–æ–ª—å–∫–æ –ø–µ—Ä–≤—ã–π –ª–∏—Å—Ç –æ—Ç–≤–µ—Ç–∞, –∏ –æ —á–µ–º —Ç–∞–º –∏–¥—ë—Ç —Ä–µ—á—å, —è –º–æ–≥—É —Ç–æ–ª—å–∫–æ –¥–æ–≥–∞–¥—ã–≤–∞—Ç—å—Å—è. –ü—Ä–∏–∫—Ä–µ–ø–ª—è—é –ª–∏—Å—Ç —á—Ç–æ –ø—Ä–∏—Å–ª–∞–ª–∏ –º–Ω–µ –∏ –æ—Ç–≤–µ—Ç –¥—Ä—É–≥–æ–º—É –Ω–µ—Ä–∞–≤–Ω–æ–¥—É—à–Ω–æ–º—É –∂–∏—Ç–µ–ª—é –≥–æ—Ä–æ–¥–∞.  –û–¥–Ω–∞–∫–æ, –º—ã –ø—Ä–æ–¥–æ–ª–∂–∏–º –¥–æ–±–∏–≤–∞—Ç—å—Å—è –≤–Ω–µ–¥—Ä–µ–Ω–∏—è –≥—É–º–∞–Ω–Ω–æ–π —Å–∏—Å—Ç–µ–º—ã –ø—Ä–æ–µ–∑–¥–Ω—ã—Ö –±–∏–ª–µ—Ç–æ–≤. –ù–∞ —ç—Ç–æ—Ç —Ä–∞–∑ –º—ã –ø—Ä–µ–¥–ª–∞–≥–∞–µ–º –ø–æ—Ç—Ä–µ–±–æ–≤–∞—Ç—å –≤–Ω–µ–¥—Ä–µ–Ω–∏—è –¥–µ—à–µ–≤—ã—Ö –ø—Ä–æ–µ–∑–¥–Ω—ã—Ö –±–∏–ª–µ—Ç–æ–≤ –¥–ª—è —à–∫–æ–ª—å–Ω–∏–∫–æ–≤.  –†–æ–¥–∏—Ç–µ–ª–∏ –µ–∫–∞—Ç–µ—Ä–∏–Ω–±—É—Ä–≥—Å–∫–∏—Ö —à–∫–æ–ª—å–Ω–∏–∫–æ–≤ –ø–æ—Å—á–∏—Ç–∞–ª–∏, —Å–∫–æ–ª—å–∫–æ —Å–µ–º—å—è —Ç—Ä–∞—Ç–∏—Ç –Ω–∞ –ø—Ä–æ–µ–∑–¥ –¥–µ—Ç–µ–π. –ü–æ–ª—É—á–∏–ª–æ—Å—å 1 500 ‚Äî 2 000 –≤ –º–µ—Å—è—Ü. –¢–µ–º –≤—Ä–µ–º–µ–Ω–µ–º, –≤ –ú–æ—Å–∫–≤–µ –∑–∞ —à–∫–æ–ª—å–Ω—ã–π –ø—Ä–æ–µ–∑–¥–Ω–æ–π –ø–ª–∞—Ç—è—Ç 655 —Ä—É–±–ª–µ–π (–º–µ—Ç—Ä–æ + –Ω–∞–∑–µ–º–Ω—ã–π —Ç—Ä–∞–Ω—Å–ø–æ—Ä—Ç), –∞ –≤ –ü–∏—Ç–µ—Ä–µ ‚Äî 515.    –í –ø—Ä–æ—à–ª–æ–º –≥–æ–¥—É –ø—Ä–æ–µ–∑–¥ –¥–ª—è —à–∫–æ–ª—å–Ω–∏–∫–æ–≤ —Å—Ç–æ–∏–ª 1 000 —Ä—É–±–ª–µ–π –≤ –º–µ—Å—è—Ü. –ù–æ —Ç–µ–ø–µ—Ä—å –∏–∑ –Ω–µ–≥–æ –∏—Å–∫–ª—é—á–∏–ª–∏ –º–µ—Ç—Ä–æ. –ü–æ –ø–æ–¥—Å—á—ë—Ç–∞–º —Ä–æ–¥–∏—Ç–µ–ª–µ–π, —Ç–µ–ø–µ—Ä—å –æ–Ω–∏ –ø–ª–∞—Ç—è—Ç –ø–æ—á—Ç–∏ –≤ –¥–≤–∞ —Ä–∞–∑–∞ –±–æ–ª—å—à–µ. –ï—Å–ª–∏ —Ç–æ–ª—å–∫–æ —Ä–µ–±—ë–Ω–æ–∫ –Ω–µ –ø–æ–ª—å–∑—É–µ—Ç—Å—è –≤—Å–µ–≥–¥–∞ —Ç–æ–ª—å–∫–æ –æ–¥–Ω–∏–º –≤–∏–¥–æ–º —Ç—Ä–∞–Ω—Å–ø–æ—Ä—Ç–∞ (650 —Ä—É–±/–º–µ—Å—è—Ü). –°—Å—ã–ª–∫–∞ - http://www.mosgortrans.ru/student/  –í—Å–µ –≤–º–µ—Å—Ç–µ —Ç—Ä–µ–±—É–µ–º –≤–Ω–µ–¥—Ä–µ–Ω–∏—è –≥—É–º–∞–Ω–Ω—ã—Ö –ø—Ä–æ–µ–∑–¥–Ω—ã—Ö –±–∏–ª–µ—Ç–æ–≤ –¥–ª—è —à–∫–æ–ª—å–Ω–∏–∫–æ–≤ –ø–æ —Ç–∏–ø—É –ø—Ä–æ–µ–∑–¥–Ω—ã—Ö –±–∏–ª–µ—Ç–æ–≤ –≤ –ú–æ—Å–∫–≤–µ: –ü–∏—à–µ–º –≤ —ç–ª–µ–∫—Ç—Ä–æ–Ω–Ω—É—é –ø—Ä–∏—ë–º–Ω—É—é –∞–¥–º–∏–Ω–∏—Å—Ç—Ä–∞—Ü–∏–∏ –ï–∫–∞—Ç–µ—Ä–∏–Ω–±—É—Ä–≥–∞ –Ω–∞ –ï–∫–∞—Ç–µ—Ä–∏–Ω–±—É—Ä–≥.—Ä—Ñ  –¢–µ–∫—Å—Ç –æ–±—Ä–∞—â–µ–Ω–∏—è: https://docs.google.com/document/d/1CzIEhSvMIxOFmC2bSCJDyrL4tGgYXFZ6N9aKFnqrnvo/edit?usp=sharing  –†–û–î–ò–¢–ï–õ–ò, –ú–ê–ö–°–ò–ú–ê–õ–¨–ù–´–ô –†–ï–ü–û–°–¢!"
50,—Ç—Ä–∞–Ω—Å–ø–æ—Ä—Ç,–ø–ª–æ—Ö–æ,"–ü–æ—á–µ–º—É –Ω–µ –º–æ—é—Ç —Å—Ç—ë–∫–ª–∞ —É –∞–≤—Ç–æ–±—É—Å–æ–≤ –∏ –≤ –ø—Ä–∏–Ω—Ü–∏–ø–µ —Å–∞–º–∏ –∞–≤—Ç–æ–±—É—Å—ã —á—Ç–æ –≤–Ω—É—Ç—Ä–∏, —á—Ç–æ —Å–Ω–∞—Ä—É–∂–∏? –ü–æ–ª—å–∑–æ–≤–∞—Ç—å—Å—è —Ç–∞–∫–∏–º —Ç—Ä–∞–Ω—Å–ø–æ—Ä—Ç–æ–º –Ω–µ–ø—Ä–∏—è—Ç–Ω–æ."
51,–°–ü–ê–ú,–Ω–µ–π—Ç—Ä–∞–ª—å–Ω–æ,–ö–∞–∫ —É—Å—Ç—Ä–æ–µ–Ω–∞ –Ω–æ–≤–∞—è –Ω–∞–±–µ—Ä–µ–∂–Ω–∞—è –≤ –ï–∫–∞—Ç–µ—Ä–∏–Ω–±—É—Ä–≥–µ
52,–°–ü–ê–ú,–Ω–µ–π—Ç—Ä–∞–ª—å–Ω–æ,"–ê –ø–æ—Ñ–æ—Ç–æ–≥—Ä–∞—Ñ–∏—Ä—É–π—Ç–µ –∏ —Å–∫–∏–Ω—å—Ç–µ –Ω–∞–º –≤ –∫–æ–º–º–µ–Ω—Ç–∞—Ä–∏–∏, –∫–∞–∫–∏–µ —Ç–µ–ø–µ—Ä—å —É –≤–∞—Å –∞–≤—Ç–æ–±—É—Å—ã —Ö–æ–¥—è—Ç –Ω–∞ –º–∞—Ä—à—Ä—É—Ç–∞—Ö: ‚Ññ15 ""40 –ª–µ—Ç –í–õ–ö–°–ú - –ü–µ—Ö–æ—Ç–∏–Ω—Ü–µ–≤"". ‚Ññ 22 ""–ò–Ω—Å—Ç–∏—Ç—É—Ç —Å–≤—è–∑–∏ - –ü–∞–ª–∫–∏–Ω—Å–∫–∏–π –¢–æ—Ä—Ñ—è–Ω–∏–∫. ‚Ññ 48 ""—Ñ-–∫–∞ –ê–≤–∞–Ω–≥–∞—Ä–¥ - –®–∏—Ä–æ–∫–∞—è –†–µ—á–∫–∞"". ‚Ññ 64 ""–ö–æ–º–ø—Ä–µ—Å—Å–æ—Ä–Ω—ã–π - –ú–∏—á—É—Ä–∏–Ω—Å–∫–∏–π"". ‚Ññ 047 ""–¢—Ä–∞–∫—Ç–æ–≤–∞—è - –ì—Ä–æ–º–æ–≤–∞"". ‚Ññ 053 ""–ö–æ–º–º—É–Ω–∏—Å—Ç–∏—á–µ—Å–∫–∞—è - –ü–æ–ª–∑—É–Ω–æ–≤–∞"".  –ê —Ç–æ –ø–æ–º–Ω–∏—Ç—Å—è –Ω–∞–º –æ–±–µ—â–∞–ª–∏ —É–∂–µ—Å—Ç–æ—á–µ–Ω–∏–µ —Ç—Ä–µ–±–æ–≤–∞–Ω–∏–π –∫ –ø–æ–¥–≤–∏–∂–Ω–æ–º—É —Å–æ—Å—Ç–∞–≤—É —á–∞—Å—Ç–Ω–∏–∫–æ–≤ –Ω–∞ –º—É–Ω–∏—Ü–∏–ø–∞–ª—å–Ω—ã—Ö –º–∞—Ä—à—Ä—É—Ç–æ–≤, –∞ –Ω–∞–º –ø–æ—Å—Ç—É–ø–∞—é—Ç –∂–∞–ª–æ–±—ã –Ω–∞ —Ç–æ —á—Ç–æ —á–∞—Å—Ç–Ω–∏–∫–∏ –ø–æ –º–∞—Ä—à—Ä—É—Ç–∞–º —á—É—Ç—å –ª–∏ –Ω–µ –≥–∞–∑–µ–ª–∏ –ø—É—Å—Ç–∏–ª–∏ üò° –° –æ—Å—Ç–∞–ª—å–Ω—ã—Ö –º–∞—Ä—à—Ä—É—Ç–æ–≤ —Ç–æ–∂–µ —Å–∫–∏–¥—ã–≤–∞–π—Ç–µ, –µ—Å–ª–∏ –≤–∏–¥–∏—Ç–µ –Ω–∞ –ª–∏–Ω–∏–∏ —Ñ–æ—Ä–¥—ã, Hyundai County –∏ –ø—Ä–æ—á–∏–µ –º–∞–ª–æ–≤–º–µ—Å—Ç–∏—Ç–µ–ª—å–Ω—ã–µ –≥–∞–∑–µ–ª–∏."
53,—Ç—Ä–∞–Ω—Å–ø–æ—Ä—Ç,—Ö–æ—Ä–æ—à–æ,–¢–∞–∫–∂–µ –æ—Ä–≥–∞–Ω–∏–∑–æ–≤–∞–Ω –ø–µ—à–µ—Ö–æ–¥–Ω—ã–π –ø–µ—Ä–µ—Ö–æ–¥ —á–µ—Ä–µ–∑ —É–ª–∏—Ü—É –î–∞—Ä–≤–∏–Ω–∞ –æ—Ç —à–∫–æ–ª—ã ‚Ññ131 –∫ —à–∫–æ–ª–µ ‚Ññ6. –û—Ç–ø—Ä–∞–≤–ª—è–ª–∏ –æ–±—Ä–∞—â–µ–Ω–∏–µ 24 –º–∞—è üòé https://vk.com/comfy_city?w=wall-70901456_29465
54,—Ç—Ä–∞–Ω—Å–ø–æ—Ä—Ç,–æ—Ç–ª–∏—á–Ω–æ,"–£–†–ê! –ù–æ–≤—ã–π –ø–µ—à–µ—Ö–æ–¥–Ω—ã–π –ø–µ—Ä–µ—Ö–æ–¥!  –ù–∞ —ç—Ç–æ—Ç —Ä–∞–∑ —á–µ—Ä–µ–∑ —É–ª–∏—Ü—É –ó–æ–æ–ª–æ–≥–∏—á–µ—Å–∫—É—é. –û —Ç–æ–º —á—Ç–æ —Ç–∞–º –Ω—É–∂–µ–Ω –ø–µ—à–µ—Ö–æ–¥–Ω—ã–π –ø–µ—Ä–µ—Ö–æ–¥ –Ω–∞–º –ø–∏—Å–∞–ª–∏ –º–µ—Å—Ç–Ω—ã–µ –∂–∏—Ç–µ–ª–∏ –∏ –º—ã —Ç—Ä–µ–±–æ–≤–∞–ª–∏ –µ–≥–æ –æ—Ä–≥–∞–Ω–∏–∑–æ–≤–∞—Ç—å —Å 2016 –≥–æ–¥–∞. –°–ø—É—Å—Ç—è –ø–æ—á—Ç–∏ —Ç—Ä–∏ –≥–æ–¥–∞ –ø–µ—Ä–µ—Ö–æ–¥ –ø–æ—è–≤–∏–ª—Å—è. –ù–∞—à –ø—Ä–æ–µ–∫—Ç ""–ü–µ—à–µ—Ö–æ–¥–Ω—ã–µ –ø–µ—Ä–µ—Ö–æ–¥—ã –¥–ª—è –ï–∫–∞—Ç–µ—Ä–∏–Ω–±—É—Ä–≥–∞"" –ø—Ä–∏–Ω–æ—Å–∏—Ç –ø–ª–æ–¥—ã —Å–ø—É—Å—Ç—è –≥–æ–¥—ã! –•–æ—Ç—å –∏–∑–Ω–∞—á–∞–ª—å–Ω–æ –Ω–∞–º –∏ –æ—Ç–∫–∞–∑–∞–ª–∏ üòÅ"
55,–∂–∫—Ö,–ø–ª–æ—Ö–æ,–ü–æ–ª–∏–∫–ª–∏–Ω–∏–∫–∞ –Ω–∞ –õ–µ–Ω–∏–Ω–∞ 52. –¢–∞–∫–∂–µ –≤ –æ—Ñ–æ—Ä–º–ª–µ–Ω–∏–∏ –ø—Ä–µ–¥—Å—Ç–∞–≤–ª–µ–Ω—ã –ª–∞–º–ø—ã –≤—Ä–µ–º–µ–Ω –°–°–°–† –∏ –ª–∏–Ω–æ–ª–µ—É–º–Ω—ã–µ –∑–∞–ø–ª–∞—Ç–∫–∏.
56,—Ç—Ä–∞–Ω—Å–ø–æ—Ä—Ç,–ø–ª–æ—Ö–æ,"–ù–µ –∑–Ω–∞—é –∫—É–¥–∞ –æ–±—Ä–∞—â–∞—Ç—å—Å—è. –ú–∞—Ä—à—Ä—É—Ç–∫–∞ 030 –Ω–µ –ø—Ä–∏—Å–ø–æ—Å–æ–±–ª–µ–Ω–∞ –∫ –ø–µ—Ä–µ–≤–æ–∑–∫–µ –ø–∞—Å—Å–∞–∂–∏—Ä–æ–≤ —Å—Ç–æ—è.  –ü—Ä–∏ –ø—Ä–æ–µ–∑–¥–µ —Å—Ç–æ—è –Ω–µ –∑–∞ —á—Ç–æ –≤–∑—è—Ç—å—Å—è. –ü–æ—Ä—É—á–Ω–∏ –Ω–∞—Ö–æ–¥—è—Ç—Å—è –≤–æ –≤—Ç–æ—Ä–æ–π –ø–æ–ª–æ–≤–∏–Ω–µ —Å–∞–ª–æ–Ω–∞ –∏ –ø–æ–¥ —Å–∞–º—ã–º –ø–æ—Ç–æ–ª–∫–æ–º. –î–µ–≤—É—à–∫–µ –∫—Ä–∞–π–Ω–µ –Ω–µ —É–¥–æ–±–Ω–æ –¥–µ—Ä–∂–∞—Ç—å—Å—è –∑–∞ –Ω–µ–≥–æ. –ü—Ä–æ—Ö–æ–¥—ã –æ—á–µ–Ω—å —É–∑–∫–∏–µ. –û–∫–Ω–∞ —Ç–∞–∫ –Ω–∏–∑–∫–æ, —á—Ç–æ –∫–æ–≥–¥–∞ —Å—Ç–æ–∏—à—å –Ω–µ –≤–∏–¥–Ω–æ –≥–¥–µ –ø—Ä–æ–µ–∑–∂–∞–µ—à—å, –∞ –æ—Å—Ç–∞–Ω–æ–≤–∫–∏ –Ω–µ –æ–±—ä—è–≤–ª—è—é—Ç. –ú–∞—Ä—à—Ä—É—Ç–∫–∞ –∫–º 339"
57,–±–ª–∞–≥–æ—É—Å—Ç—Ä–æ–π—Å—Ç–≤–æ,–ø–ª–æ—Ö–æ,"–°–Ω—è—Ç–æ —Å–µ–≥–æ–¥–Ω—è –Ω–æ—á—å—é –≤ —Ä–∞–π–æ–Ω–µ –ö–†–ö –£—Ä–∞–ª–µ—Ü . –°–æ–±–∏—Ä–∞–µ—Ç —â–µ—Ç–∫–æ–π –≥—Ä—è–∑—å, –∞ —Å–∑–∞–¥–∏ –∏–∑ —à–ª–∞–Ω–≥–∞ –ª—å–µ—Ç—Å—è –≥—Ä—è–∑–Ω–∞—è, –±—É–∫–≤–∞–ª—å–Ω–æ —á–µ—Ä–Ω–∞—è, –≤–æ–¥–∞ –Ω–∞ —ç—Ç—É –∂–µ –¥–æ—Ä–æ–≥—É.  –ü–æ–¥—Å–∫–∞–∂–∏—Ç–µ, —Ç–∞–∫ –∏ –¥–æ–ª–∂–Ω–æ –±—ã—Ç—å?"
58,—Ç—Ä–∞–Ω—Å–ø–æ—Ä—Ç,–æ—Ç–ª–∏—á–Ω–æ,"–£—Ä–∞!  –ù–∞–∫–æ–Ω–µ—Ü-—Ç–æ —Å–¥–µ–ª–∞–ª–∏ –ø–µ—à–µ—Ö–æ–¥–Ω—ã–π –ø–µ—Ä–µ—Ö–æ–¥ —á–µ—Ä–µ–∑ —É–ª–∏—Ü—É –¢–æ–ª–º–∞—á–µ–≤–∞, –æ—Ä–≥–∞–Ω–∏–∑–∞—Ü–∏—é –∫–æ—Ç–æ—Ä–æ–≥–æ –º—ã –¥–æ–±–∏–≤–∞–ª–∏—Å—å —Å 2016 –≥–æ–¥–∞! –†–∞–∑ https://vk.com/comfy_city?w=wall-70901456_9164 –î–≤–∞ https://vk.com/comfy_city?w=wall-70901456_9794   –í –ø–µ—Ä–≤—ã—Ö –æ—Ç–≤–µ—Ç–∞—Ö —á–∏–Ω–æ–≤–Ω–∏–∫–∏ –≤–µ—à–∞–ª–∏ –Ω–∞–º –ª–∞–ø—à—É –Ω–∞ —É—à–∏, —á—Ç–æ —Å–¥–µ–ª–∞—Ç—å –ø–µ—à–µ—Ö–æ–¥–Ω—ã–π –ø–µ—Ä–µ—Ö–æ–¥ –∑–¥–µ—Å—å –º–æ–∂–Ω–æ —Ç–æ–ª—å–∫–æ —Å —É—Å—Ç–∞–Ω–æ–≤–∫–æ–π —Å–≤–µ—Ç–æ—Ñ–æ—Ä–∞(!) üòÑ  –¢–µ–ø–µ—Ä—å –Ω–∞ —ç—Ç–æ–º –ø–µ—Ä–µ–∫—Ä—ë—Å—Ç–∫–µ –Ω–∞ —Ç—Ä–æ—Ç—É–∞—Ä–∞—Ö –Ω—É–∂–Ω–æ —Å–¥–µ–ª–∞—Ç—å –≤—ã—Å—Ç—É–ø—ã –±–µ–∑–æ–ø–∞—Å–Ω–æ—Å—Ç–∏ –Ω–∞ –¥–ª—è –ø–µ—à–µ—Ö–æ–¥–æ–≤. –≠—Ç–æ –ø–æ–∑–≤–æ–ª–∏—Ç —Å–æ–∫—Ä–∞—Ç–∏—Ç—å –≤—Ä–µ–º—è –ø–µ—Ä–µ—Ö–æ–¥–∞ –ø—Ä–æ–µ–∑–∂–µ–π —á–∞—Å—Ç–∏. –ö—Ä–∞–π–Ω–∏–µ –ø—Ä–∞–≤—ã–µ –ø–æ–ª–æ—Å—ã –≤—Å—ë —Ä–∞–≤–Ω–æ –∑–∞–Ω—è—Ç—ã –ø—Ä–∏–ø–∞—Ä–∫–æ–≤–∞–Ω–Ω—ã–º–∏ –∞–≤—Ç–æ–º–æ–±–∏–ª—è–º–∏ –∏ –ø—Ä–æ–ø—É—Å–∫–Ω–∞—è —Å–ø–æ—Å–æ–±–Ω–æ—Å—Ç—å —Å–æ–∫—Ä–∞—Ç–∏—Ç—Å—è –Ω–µ–∑–Ω–∞—á–∏—Ç–µ–ª—å–Ω–æ."
59,–°–ü–ê–ú,–Ω–µ–π—Ç—Ä–∞–ª—å–Ω–æ,–ù–æ–≤—ã–π –£—Ä–∞–ª—Ç—Ä–∞–Ω—Å–º–∞—à–µ–≤—Å–∫–∏–π —Ç—Ä–∞–º–≤–∞–π –Ω–µ –≤—ã–¥–µ—Ä–∂–∞–ª –∏—Å–ø—ã—Ç–∞–Ω–∏—è –ï–∫–∞—Ç–µ—Ä–∏–Ω–±—É—Ä–≥–æ–º... üòü
60,—Ç—Ä–∞–Ω—Å–ø–æ—Ä—Ç,–ø–ª–æ—Ö–æ,"üîµ –£–≤–∞–∂–∞–µ–º—ã–µ –∂–∏—Ç–µ–ª–∏ –≥–æ—Ä–æ–¥–∞ –ï–∫–∞—Ç–µ—Ä–∏–Ω–±—É—Ä–≥. –ü—Ä–∏–µ—Ö–∞–ª –Ω–∞ —ç–∫—Å–∫—É—Ä—Å–∏—é –≤ –≤–∞—à –≥–æ—Ä–æ–¥ –≤ –Ω–∞—á–∞–ª–µ –æ–∫—Ç—è–±—Ä—è. –£–¥–∏–≤–∏–ª—Å—è, —á—Ç–æ –≤ —Å—Ç–æ–ª–∏—Ü–µ –£—Ä–∞–ª–∞ —Ç–∞–∫ –Ω–∞–ø–ª–µ–≤–∞—Ç–µ–ª—å—Å–∫–∏ –æ—Ç–Ω–æ—Å—è—Ç—Å—è –∫ –ø–∞—Å—Å–∞–∂–∏—Ä–∞–º –æ–±—â–µ—Å—Ç–≤–µ–Ω–Ω–æ–≥–æ —Ç—Ä–∞–Ω—Å–ø–æ—Ä—Ç–∞. –†–∞—Å–ø–∏—Å–∞–Ω–∏–µ –µ—Å—Ç—å –Ω–µ –≤–µ–∑–¥–µ. –ê –µ—Å–ª–∏ –æ–Ω–æ –µ—Å—Ç—å, —Ç–æ –Ω–∞–ø–∏—Å–∞–Ω–æ –æ—á–µ–Ω—å –º–µ–ª–∫–∏–º —à—Ä–∏—Ñ—Ç–æ–º (–∞ –ø–æ –ì–û–°–¢ –¥–æ–ª–∂–Ω–æ —á–∏—Ç–∞—Ç—å—Å—è —Å 3 –º–µ—Ç—Ä–æ–≤). –†–∞—Å–ø–æ–ª–æ–∂–µ–Ω–æ —Å–∏–ª—å–Ω–æ –≤—ã—Å–æ–∫–æ.  –ü–ª–∞—Ç—Ñ–æ—Ä–º—ã –¥–ª—è —Ç—Ä–∞–º–≤–∞–µ–≤ —É–∑–∫–∏–µ –∏ –Ω–µ –≤—Å–µ–≥–¥–∞ –¥–∞–∂–µ –æ–Ω–∏ –µ—Å—Ç—å. –ü–∞—Å—Å–∞–∂–∏—Ä—ã —Å—Ç–æ—è—Ç –∂–¥—É—Ç —Ç—Ä–∞–≤–º–∞–π –ø–æ—Å–µ—Ä–µ–¥–∏–Ω–µ –¥–æ—Ä–æ–≥–∏ (–Ω–∞ –ø–ª–æ—â–∞–¥–∏ 1905 –≥–æ–¥–∞ –Ω–∞–ø—Ä–∏–º–µ—Ä).  –ü–æ—á–µ–º—É —Ç–∞–∫ ? –ê –µ—â—ë —Å–∏–ª—å–Ω–æ –¥–æ—Ä–æ–≥–æ–π –ø—Ä–æ–µ–∑–¥ 28 ‚ÇΩ, —Å—á–∏—Ç–∞—é, —á—Ç–æ –∫–∞—á–µ—Å—Ç–≤–æ –≤–∞–≥–æ–Ω–æ–≤ –∏ –æ–±–∏–ª–∏–µ —Ä–µ–∫–ª–∞–º—ã –≤ —Ç—Ä–∞–º–≤–∞—è—Ö –¥–æ—Å—Ç–æ–π–Ω–æ –ø—Ä–æ–µ–∑–¥–∞ –≤ 20 ‚ÇΩ.  –ê –µ—â—ë –Ω–µ—Ç –≤—ã–¥–µ–ª–µ–Ω–Ω—ã—Ö –ø–æ–ª–æ—Å –∏ –≤—Å–µ –∞–≤—Ç–æ–±—É—Å—ã –∞–±—Å–æ–ª—é—Ç–Ω–æ —Ä–∞–∑–Ω—ã—Ö –º–∞—Ä–æ–∫, —Ä–∞–∑–º–µ—Ä–æ–≤, —Ä–∞—Å—Ü–≤–µ—Ç–æ–∫üò±. –ù–µ—Ç –≤–ø—Ä–∏–Ω—Ü–∏–ø–µ –µ–¥–∏–Ω–æ–≥–æ —Ç—Ä–∞–Ω—Å–ø–æ—Ä—Ç–Ω–æ–≥–æ –æ—Ñ–æ—Ä–º–ª–µ–Ω–∏—è. –ê –≤ –º–µ—Ç—Ä–æ –¥–∞–∂–µ –Ω–µ–ª—å–∑—è –ø—Ä–æ–≤–µ–∑—Ç–∏ –≤–µ–ª–æ—Å–∏–ø–µ–¥, —Å—Ä–∞–∑—É –ø–æ–ª–∏—Ü–∏—è –≥—Ä—É–±–æ –ø—Ä–µ—Å–µ–∫–∞–µ—Ç. –ö–∞–∫ —Ç–∞–∫–æ–µ –≤–æ–∑–º–æ–∂–Ω–æ –≤ 2019 –≥–æ–¥—É –≤ —ç–ø–æ—Ö—É –æ—á–µ–ª–æ–≤–µ—á–∏–≤–∞–Ω–∏—è –≥–æ—Ä–æ–¥–æ–≤?üòê"
61,—Ç—Ä–∞–Ω—Å–ø–æ—Ä—Ç,–ø–ª–æ—Ö–æ,"–ú—ã –∑–∞—Å–Ω—è–ª–∏ –∫–∞–∫ –º–∞—Ä—à—Ä—É—Ç–∫–∏ 056 –∏ 48 –ø—Ä–æ–µ–∑–∂–∞—é—Ç –º–∏–º–æ –æ—Å—Ç–∞–Ω–æ–≤–∫–∏ ""–î–æ–º –º—É–∑—ã–∫–∏"" –Ω–µ –æ—Å—Ç–∞–Ω–∞–≤–ª–∏–≤–∞—è—Å—å. –≠—Ç–æ –ø–æ—Å—Ç–æ—è–Ω–Ω–∞—è —Å–∏—Ç—É–∞—Ü–∏—è –Ω–∞ –¥–∞–Ω–Ω–æ–π –æ—Å—Ç–∞–Ω–æ–≤–∫–µ. –ñ–∞–ª–æ–±—ã –æ—Ç–ø—Ä–∞–≤–ª–µ–Ω—ã.  –ï—Å–ª–∏ –º–∞—Ä—à—Ä—É—Ç—á–∏–∫–∏ –Ω–µ –æ—Å—Ç–∞–Ω–∞–≤–ª–∏–≤–∞—é—Ç—Å—è –Ω–∞ –≤–∞—à–µ–π –æ—Å—Ç–∞–Ω–æ–≤–∫–µ, —Ñ–æ—Ç–æ–≥—Ä–∞—Ñ–∏—Ä—É–π—Ç–µ –∏—Ö –∏ –æ—Ç–ø—Ä–∞–≤–ª—è–π—Ç–µ –∂–∞–ª–æ–±—ã —á–µ—Ä–µ–∑ –Ω–∞—à–µ –ø—Ä–∏–ª–æ–∂–µ–Ω–∏–µ ""–ì—Ä–∞–∂–¥–∞–Ω—Å–∫–∏–π –ø–∞—Ç—Ä—É–ª—å"" —Å —É–∫–∞–∑–∞–Ω–∏–µ–º –¥–∞—Ç—ã, –≤—Ä–µ–º–µ–Ω–∏, –º–∞—Ä—à—Ä—É—Ç–∞ –∏ –≥–æ—Å–Ω–æ–º–µ—Ä–∞ –∞–≤—Ç–æ–±—É—Å–∞ - —ç—Ç–æ —Å–µ—Ä—å—ë–∑–Ω–æ–µ –Ω–∞—Ä—É—à–µ–Ω–∏–µ –∏ –∏—Ö –∑–∞ —ç—Ç–æ –Ω–∞–∫–∞–∂—É—Ç –∏ –Ω–∞—Ä—É—à–µ–Ω–∏—è –ø—Ä–µ–∫—Ä–∞—Ç—è—Ç—Å—è.  –û—Ç–ø—Ä–∞–≤–ª—è–π—Ç–µ –∂–∞–ª–æ–±—ã –Ω–∞ –ø—Ä–æ–±–ª–µ–º—ã –≤–∞—à–µ–π —É–ª–∏—Ü—ã —á–µ—Ä–µ–∑ –Ω–∞—à–µ –ø—Ä–∏–ª–æ–∂–µ–Ω–∏–µ ""–ì—Ä–∞–∂–¥–∞–Ω—Å–∫–∏–π –ø–∞—Ç—Ä—É–ª—å""  https://play.google.com/store/apps/details?id=com.punicapp.citypatrol&hl=ru https://apps.apple.com/ru/app/grazdanskij-patrul/id1079790780?l=en    –ò–Ω—Å—Ç—Ä—É–∫—Ü–∏—è:  1. –£—Å—Ç–∞–Ω–æ–≤–∫–∞ –∏ —Ä–µ–≥–∏—Å—Ç—Ä–∞—Ü–∏—è. –í —Å–ª—É—á–∞–µ –µ—Å–ª–∏ –≤–∞–º –Ω–µ –ø—Ä–∏—à–µ–ª –∫–æ–¥ –¥–ª—è —Ä–µ–≥–∏—Å—Ç—Ä–∞—Ü–∏–∏ –≤ —Å–∏—Å—Ç–µ–º–µ –Ω–∞–ø–∏—à–∏—Ç–µ –≤ —Å–æ–æ–±—â–µ–Ω–∏—è –≥—Ä—É–ø–ø—ã https://vk.com/civilpatrol  2. –í –æ–∫–Ω–µ ""–¢–∏–ø –∂–∞–ª–æ–±—ã"" –Ω—É–∂–Ω–æ –≤—ã–±—Ä–∞—Ç—å –ø—É–Ω–∫—Ç –Ω–∞–∏–±–æ–ª–µ–µ –ø–æ–¥—Ö–æ–¥—è—â–∏–π –ø–æ —Å–º—ã—Å–ª—É –∫ –≤–∞—à–µ–π –ø—Ä–æ–±–ª–µ–º–µ.  3. –í —Ä–∞–∑–¥–µ–ª–µ ¬´–ö–æ–º–º–µ–Ω—Ç–∞—Ä–∏–π¬ª –ø–æ–¥—Ä–æ–±–Ω–æ –æ–ø–∏—à–∏—Ç–µ —Å—É—Ç—å –ø—Ä–æ–±–ª–µ–º—ã.  4. –£–∫–∞–∂–∏—Ç–µ —Ç–æ—á–Ω—ã–π –∞–¥—Ä–µ—Å –∏–ª–∏ –Ω–∞–∏–±–æ–ª–µ–µ –±–ª–∏–∑–∫–æ–µ –∑–¥–∞–Ω–∏–µ, –∞ –≤ –∫–æ–º–º–µ–Ω—Ç–∞—Ä–∏—è—Ö –æ–ø–∏—à–∏—Ç–µ, –∫–∞–∫ –Ω–∞–π—Ç–∏ –Ω–µ–æ–±—Ö–æ–¥–∏–º–æ–µ –º–µ—Å—Ç–æ. –¢–∞–∫–∂–µ –º–æ–∂–Ω–æ –æ—Å—Ç–∞–≤–ª—è—Ç—å –∫–æ–æ—Ä–¥–∏–Ω–∞—Ç—ã —à–∏—Ä–æ—Ç—ã –∏ –¥–æ–ª–≥–æ—Ç—ã (–¥–ª—è —Å–≤–∞–ª–æ–∫ –º—É—Å–æ—Ä–∞ –≤ –ø–∞—Ä–∫–∞—Ö –∏ –ª–µ—Å–∞—Ö).  5. –î–æ–±–∞–≤—å—Ç–µ —Ñ–æ—Ç–æ–≥—Ä–∞—Ñ–∏–∏. –ï—Å–ª–∏ —Ñ–æ—Ç–æ–≥—Ä–∞—Ñ–∏–π –º–Ω–æ–≥–æ —Ç–æ –ø–æ—Å–ª–µ –æ—Ç–ø—Ä–∞–≤–∫–∏ –∂–∞–ª–æ–±—ã –æ—Å—Ç–∞–ª—å–Ω—ã–µ —Ñ–æ—Ç–æ–≥—Ä–∞—Ñ–∏–∏ –º–æ–∂–Ω–æ –æ—Ç–ø—Ä–∞–≤–∏—Ç—å –≤ —Å–æ–æ–±—â–µ–Ω–∏—è –≥—Ä—É–ø–ø—ã https://vk.com/civilpatrol —Å —É–∫–∞–∑–∞–Ω–∏–µ–º –Ω–æ–º–µ—Ä–∞ –∂–∞–ª–æ–±—ã.  6. –ù–∞–∂–º–∏—Ç–µ –∫–Ω–æ–ø–∫—É ¬´–°–æ–∑–¥–∞—Ç—å¬ª.    –ì–æ—Ç–æ–≤–æ. –í—ã –≤–æ—Å—Ö–∏—Ç–∏—Ç–µ–ª—å–Ω—ã! –¢–µ–ø–µ—Ä—å –Ω—É–∂–Ω–æ –∂–¥–∞—Ç—å –æ—Ç–≤–µ—Ç–∞ –æ—Ç —á–∏–Ω–æ–≤–Ω–∏–∫–æ–≤ (–æ–±—ã—á–Ω–æ –º–µ—Å—è—Ü, –æ—Ç–≤–µ—Ç –ø—Ä–∏–¥—ë—Ç –≤ –ø—Ä–∏–ª–æ–∂–µ–Ω–∏–µ) –∏ —Å–ª–µ–¥–∏—Ç—å –∫–∞–∫ –º–µ–Ω—è–µ—Ç—Å—è —Å–∏—Ç—É–∞—Ü–∏—è –ø–æ –≤–∞—à–µ–π –ø—Ä–æ–±–ª–µ–º–µ."
62,–±–ª–∞–≥–æ—É—Å—Ç—Ä–æ–π—Å—Ç–≤–æ,–ø–ª–æ—Ö–æ,"–í —Ü–µ–ª–æ–º —è –Ω–µ –ø—Ä–æ—Ç–∏–≤, –µ—Å–ª–∏ —Ç–∞–º –±—É–¥–µ—Ç –ø–∞—Ä–∫–æ–≤–∫–∞, –Ω–æ –µ—Å–ª–∏ –æ–Ω–∞ –±—É–¥–µ—Ç –∑–∞–∫–æ–Ω–Ω–æ–π (–ø–∞—Å–ø–æ—Ä—Ç–∞ –æ–±—ä–µ–∫—Ç–∞ –Ω–µ—Ç, –Ω–∏–∫–∞–∫–∏—Ö –¥—Ä—É–≥–∏—Ö —Ç–∞–±–ª–∏—á–µ–∫ —Ç–æ–∂–µ –Ω–µ—Ç). –°–ø–µ—Ü—Ç–µ—Ö–Ω–∏–∫–∞ –ø–µ—Ä–µ–¥–≤–∏–≥–∞–µ—Ç—Å—è –ø–æ –Ω–æ–≤–æ–π —Ç—Ä–æ—Ç—É–∞—Ä–Ω–æ–π –ø–ª–∏—Ç–∫–µ –∏ —É–∂–µ –µ–µ —Ä–∞–∑–±–∏–ª–∞, –≤—ä–µ–∑–¥ –æ—Ä–≥–∞–Ω–∏–∑–æ–≤–∞–ª–∏ –º–∞–∫—Å–∏–º–∞–ª—å–Ω–æ —É–¥–æ–±–Ω—ã–π –¥–ª—è —Å–µ–±—è –Ω–∞–ø–ª–µ–≤–∞–≤ –Ω–∞ –ø–µ—à–µ—Ö–æ–¥–æ–≤, –∫–æ—Ç–æ—Ä—ã–µ –∏–¥—É—Ç –Ω–∞ –æ—Å—Ç–∞–Ω–æ–≤–∫—É –∏–º –î–∞—Ä–≤–∏–Ω–∞.  –•–æ—Ç–µ–ª–æ—Å—å –±—ã –ø—Ä–æ–≤–µ—Ä–∏—Ç—å –¥–∞–Ω–Ω–æ–µ –º–µ—Ä–æ–ø—Ä–∏—è—Ç–∏–µ –Ω–∞ –∑–∞–∫–æ–Ω–Ω–æ—Å—Ç—å.  –ö—Ç–æ-—Ç–æ –∏–∑ –º–µ—Å—Ç–Ω—ã—Ö –∂–∏—Ç–µ–ª–µ–π —É–∂–µ –ø—ã—Ç–∞–ª—Å—è –≤—ã—Ä–≤–∞—Ç—å –æ—Å–Ω–æ–≤—É –¥–ª—è –∑–∞–±–æ—Ä–∞, –Ω–æ –Ω–∞ —Å–ª–µ–¥—É—é—â–∏–π –¥–µ–Ω—å –≤—Å—ë –±—ã–ª–æ –≤–æ—Å—Å—Ç–∞–Ω–æ–≤–ª–µ–Ω–æ."
64,—Ç—Ä–∞–Ω—Å–ø–æ—Ä—Ç,–Ω–µ–π—Ç—Ä–∞–ª—å–Ω–æ,"–í 2019 –Ω–∞—á–∞–ª–∞—Å—å —Ä–∞–∑—Ä–∞–±–æ—Ç–∫–∞ –ø—Ä–æ–µ–∫—Ç–∞ –≤—Ç–æ—Ä–æ–π –≤–µ—Ç–∫–∏ –º–µ—Ç—Ä–æ–ø–æ–ª–∏—Ç–µ–Ω–∞ (–í–ò–ó - –ñ–ë–ò), –±—ã–ª–∏ –≤—ã–¥–µ–ª–µ–Ω—ã –¥–µ–Ω—å–≥–∏ –¥–ª—è –Ω–∞—á–∞–ª–∞ –ø—Ä–æ–µ–∫—Ç–∏—Ä–æ–≤–∞–Ω–∏—è. –Ω–æ —è –Ω–∏–≥–¥–µ –Ω–µ –Ω–∞—à–µ–ª, –∞ –¥–ª—è —á–µ–≥–æ —ç—Ç–∞ –ª–∏–Ω–∏—è? –ö–∞–∫–∏–µ —Ü–µ–ª–∏ –ø—Ä–µ—Å–ª–µ–¥—É—é—Ç—Å—è? –ö–∞–∫–∏–µ –∑–∞–¥–∞—á–∏ –±—É–¥—É—Ç —Ä–µ—à–µ–Ω—ã? –í—Ç–æ—Ä–∞—è –≤–µ—Ç–∫–∞ –º–µ—Ç—Ä–æ –¥–æ–ª–∂–Ω–∞ –ø—Ä–æ–π—Ç–∏ –ø–∞—Ä–∞–ª–ª–µ–ª—å–Ω–æ –¥–∞–∂–µ –Ω–µ —Ç—Ä—ë–º –∞ –í–°–ï–ú –≤–∏–¥–∞–º —Ç—Ä–∞–Ω—Å–ø–æ—Ä—Ç–∞!?!  –í—Ç–æ—Ä–∞—è –≤–µ—Ç–∫–∞ –º–µ—Ç—Ä–æ –¥–æ–ª–∂–Ω–∞ –∏–∑–±–∞–≤–∏—Ç —Ü–µ–Ω—Ç—Ä –æ—Ç –ø—Ä–æ–±–æ–∫, –∞ –µ—Å–ª–∏ –Ω–µ—Ç –ø—Ä–æ–±–æ–∫, —Ç–æ –Ω–∞ –º–∞—Ä—à—Ä—É—Ç–∫–µ –±—É–¥–µ—Ç –¥–∞–∂–µ –±—ã—Å—Ç—Ä–µ–µ?!? –í—Ç–æ—Ä–∞—è –≤–µ—Ç–∫–∞ –º–µ—Ç—Ä–æ –¥–æ–ª–∂–Ω–∞ –æ–±–µ—Å–ø–µ—á–∏—Ç—å –ø–µ—Ä–µ—Å–∞–¥–∫—É –Ω–∞ –ø–µ—Ä–≤—É—é, –∏ —ç—Ç–æ –±—É–¥–µ—Ç –ø—Ä–æ–∏—Å—Ö–æ–¥–∏—Ç—å –Ω–∞ —Å–∞–º–æ–π –∑–∞–≥—Ä—É–∂–µ–Ω–Ω–æ–π —Å—Ç–∞–Ω—Ü–∏–∏?!? –í—Ç–æ—Ä–∞—è –≤–µ—Ç–∫–∞ –º–µ—Ç—Ä–æ –ø—Ä–æ—Ö–æ–¥–∏—Ç –Ω–∞ –≤—Å–µ–º –ø—Ä–æ—Ç—è–∂–µ–Ω–∏–∏ ""–ø–æ–¥ —Ç—Ä–∞–º–≤–∞–π–Ω–æ–π –ª–∏–Ω–∏–µ–π"", –º–æ–∂–µ—Ç —Å—Ç–æ–∏—Ç –Ω–∞ –ø–æ–≤–µ—Ä—Ö–Ω–æ—Å—Ç–∏ –¥–∞—Ç—å –ø—Ä–∏–æ—Ä–∏—Ç–µ—Ç —Ç—Ä–∞–º–≤–∞—é, —á–µ–º –∑–∞–∫–∞–ø—ã–≤–∞—Ç—å –µ–≥–æ –ø–æ–¥ –∑–µ–º–ª—é!?! –ï—Å—Ç—å —Ç–æ–ª—å–∫–æ –≥—Ä–æ–º–∫–∏–µ –∑–∞—è–≤–ª–µ–Ω–∏—è, —á—Ç–æ –Ω–∞–º –Ω—É–∂–Ω–æ –º–µ—Ç—Ä–æ!!! –î–ê –º–µ—Ç—Ä–æ –Ω—É–∂–Ω–æ, –Ω–æ –µ—Å—Ç—å –æ–¥–Ω–æ –Ω–æ, –º–µ—Ç—Ä–æ –¥–æ–ª–∂–Ω–æ —Ä–µ—à–∞—Ç—å –º–Ω–æ–∂–µ—Å—Ç–≤–æ —Ç—Ä–∞–Ω—Å–ø–æ—Ä—Ç–Ω—ã—Ö –∑–∞–¥–∞—á —Å–æ–≤—Ä–µ–º–µ–Ω–Ω–æ–≥–æ –º–µ–≥–∞–ø–æ–ª–∏—Å–∞. –í –ø–µ—Ä–≤—É—é –æ—á–µ—Ä–µ–¥—å —ç—Ç–æ –¥–æ–ª–∂–µ–Ω –±—ã—Ç—å —Ü–µ–ª—ã–π –∫–æ–º–ø–ª–µ–∫—Å –º–µ—Ä –ø–æ –æ–±–µ—Å–ø–µ—á–µ–Ω–∏—é –∫–æ–º—Ñ–æ—Ä—Ç–Ω–æ–≥–æ –ø–µ—Ä–µ–¥–≤–∏–∂–µ–Ω–∏—è –≤ –≥–æ—Ä–æ–¥–µ!  –°—á–∏—Ç–∞—é –Ω–µ–æ–±—Ö–æ–¥–∏–º—ã–º –Ω–∞ –¥–∞–Ω–Ω–æ–º —ç—Ç–∞–ø–µ –æ—Ç–∫–∞–∑–∞—Ç—å—Å—è –æ—Ç –ø—Ä–æ–µ–∫—Ç–∏—Ä–æ–≤–∞–Ω–∏—è –≤—Ç–æ—Ä–æ–π –≤–µ—Ç–∫–∏ –º–µ—Ç—Ä–æ–ø–æ–ª–∏—Ç–µ–Ω–∞ (–í–ò–ó - –ñ–ë–ò), –∞ –∑–∞–Ω—è—Ç—å—Å—è –∫–æ–º–ø–ª–µ–∫—Å–Ω–æ–π –ø—Ä–æ—Ä–∞–±–æ—Ç–∫–æ–π —Ç—Ä–µ—Ç—å–µ–π –≤–µ—Ç–∫–∏ –º–µ—Ç—Ä–æ ""–¥–∏–∞–≥–æ–Ω–∞–ª—å–Ω–æ–π"" (–ê–∫–∞–¥–µ–º–∏—á–µ—Å–∫–∏–π - —Å–µ–≤–µ—Ä–Ω—ã–π –®–∞—Ä—Ç–∞—à) –æ—Ç –ï–ö–ê–î –Ω–∞ —é–≥–æ-–∑–∞–ø–∞–¥–µ!!! –ù–∞ —ç—Ç–æ–º –Ω–∞–ø—Ä–∞–≤–ª–µ–Ω–∏–∏ –Ω–µ—Ç –ø—Ä—è–º—ã—Ö –º–∞—Ä—à—Ä—É—Ç–æ–≤ –æ–±—â–µ—Å—Ç–≤–µ–Ω–Ω–æ–≥–æ —Ç—Ä–∞–Ω—Å–ø–æ—Ä—Ç–∞, –º–µ—Ç—Ä–æ –Ω–∏—á–µ–≥–æ –Ω–µ –±—É–¥–µ—Ç –¥—É–±–ª–∏—Ä–æ–≤–∞—Ç—å –∏–ª–∏ –∑–∞–º–µ–Ω—è—Ç—å. –î–∏–∞–≥–æ–Ω–∞–ª—å–Ω–æ–π –ª–∏–Ω–∏–µ–π –º–µ—Ç—Ä–æ –±—É–¥—É—Ç –æ–±—ä–µ–¥–∏–Ω–µ–Ω—ã —Å—Ä–∞–∑—É –Ω–µ—Å–∫–æ–ª—å–∫–æ –¥–∏–Ω–∞–º–∏—á–Ω–æ —Ä–∞–∑–≤–∏–≤–∞—é—â–∏—Ö—Å—è –º–∏–∫—Ä–æ—Ä–∞–π–æ–Ω–æ–≤ —Å –Ω–∞—Å–µ–ª–µ–Ω–∏–µ–º –≤ —Å–æ—Ç–Ω–∏ —Ç—ã—Å—è—á —á–µ–ª–æ–≤–µ–∫, –∫—Ä–æ–º–µ —ç—Ç–æ–≥–æ –ª–∏–Ω–∏–µ–π –º–µ—Ç—Ä–æ —Å–º–æ–≥—É—Ç –≤–æ—Å–ø–æ–ª—å–∑–æ–≤–∞—Ç—å—Å—è –∂–∏—Ç–µ–ª–∏ –ø—Ä–∏–≥–æ—Ä–æ–¥–∞ —Å—Ä–∞–∑—É –Ω–µ—Å–∫–æ–ª—å–∫–∏—Ö –Ω–∞–ø—Ä–∞–≤–ª–µ–Ω–∏–π, –∞ –Ω–µ —Ç–æ–ª—å–∫–æ –ú–æ—Å–∫–æ–≤—Å–∫–æ–≥–æ –∏ –¢—é–º–µ–Ω—Å–∫–æ–≥–æ, –ø—Ä–∏ —É—Å–ª–æ–≤–∏–∏ —Ä–∞—Å–ø–æ–ª–æ–∂–µ–Ω–∏—è —Å—Ç–∞–Ω—Ü–∏–π –Ω–∞ –ï–ö–ê–î. –ö–∞–∂–¥–∞—è —Å—Ç–∞–Ω—Ü–∏—è –¥–∏–∞–≥–æ–Ω–∞–ª—å–Ω–æ–π –ª–∏–Ω–∏–∏ –ø—Ä–µ–¥–æ—Å—Ç–∞–≤–∏—Ç –≤–æ–∑–º–æ–∂–Ω–æ—Å—Ç—å —Å–æ–≤–µ—Ä—à–∏—Ç—å –ø–µ—Ä–µ—Å–∞–¥–∫—É –Ω–∞ –¥—Ä—É–≥–∏–µ –≤–∏–¥—ã —Ç—Ä–∞–Ω—Å–ø–æ—Ä—Ç–∞ –º–∏–Ω–∏–º—É–º –≤ —á–µ—Ç—ã—Ä—ë—Ö –Ω–∞–ø—Ä–∞–≤–ª–µ–Ω–∏—è—Ö, –º–∞–∫—Å–∏–º—É–º –æ—Ç —Å—Ç–∞–Ω—Ü–∏–∏ –¥–æ –∫–æ–Ω—Ü–∞ –º–∏–∫—Ä–æ—Ä–∞–π–æ–Ω–∞ —Ç—Ä–∏ –æ—Å—Ç–∞–Ω–æ–≤–∫–∏. –ü–ª—é—Å –±—É–¥—É—Ç —Ç—Ä–∞—Å–ø–æ—Ä—Ç–Ω–æ-–ø–µ—Ä–µ—Å–∞–¥–æ—á–Ω—ã–µ —É–∑–ª—ã –ë–∞–∂–æ–≤—Å–∫–∞—è –∏ –ü–µ—Ä–≤–æ–º–∞–π—Å–∫–∞—è, –∫–æ—Ç–æ—Ä—ã–µ –æ–±–µ—Å–ø–µ—á–∞—Ç —É–¥–æ–±–Ω—É—é –ø–µ—Ä–µ—Å–∞–¥–∫—É –Ω–∞ –¥—Ä—É–≥–∏–µ –Ω–∞–ø—Ä–∞–≤–ª–µ–Ω–∏—è, –º–µ—Ç—Ä–æ –ø–µ—Ä–≤–æ–π –ª–∏–Ω–∏–∏, –∞—ç—Ä–æ—ç–∫—Å–ø—Ä–µ—Å—Å, –∞ —Ç–∞–∫–∂–µ –≥–æ—Ä–æ–¥—Å–∫–∏–µ –∏ –ø—Ä–∏–≥–æ—Ä–æ–¥–Ω—ã–µ —ç–ª–µ–∫—Ç—Ä–∏—á–∫–∏.   –ö–∞—Ä—Ç–∞ –ø–ª–∞–Ω–∏—Ä—É–µ–º–æ–≥–æ —Ä–∞–∑–º–µ—â–µ–Ω–∏—è –æ–±—ä–µ–∫—Ç–æ–≤ –º–µ—Å—Ç–Ω–æ–≥–æ –∑–Ω–∞—á–µ–Ω–∏—è –≥–æ—Ä–æ–¥—Å–∫–æ–≥–æ –æ–∫—Ä—É–≥–∞ - –º—É–Ω–∏—Ü–∏–ø–∞–ª—å–Ω–æ–≥–æ –æ–±—Ä–∞–∑–æ–≤–∞–Ω–∏—è ""–≥–æ—Ä–æ–¥ –ï–∫–∞—Ç–µ—Ä–∏–Ω–±—É—Ä–≥"" –≤ —á–∞—Å—Ç–∏ –æ–±—â–µ—Å—Ç–≤–µ–Ω–Ω–æ–≥–æ —Ç—Ä–∞–Ω—Å–ø–æ—Ä—Ç–∞  https://–æ–±—Å—É–∂–¥–µ–Ω–∏—è.–µ–∫–∞—Ç–µ—Ä–∏–Ω–±—É—Ä–≥.—Ä—Ñ/file/ed1ba48b2d7b312ebf5393992ed81cc7"
65,–±–ª–∞–≥–æ—É—Å—Ç—Ä–æ–π—Å—Ç–≤–æ,—Ö–æ—Ä–æ—à–æ,"–ù–µ–º–Ω–æ–≥–æ —Å –æ–ø–æ–∑–¥–∞–Ω–∏–µ–º –æ—Ç—á–∏—Ç—ã–≤–∞–µ–º—Å—è: –ø–æ –Ω–∞—à–µ–º—É –æ–±—Ä–∞—â–µ–Ω–∏—é –≤ 2016 –≥–æ–¥—É –≤–æ–∑–ª–µ –∞–¥–º–∏–Ω–∏—Å—Ç—Ä–∞—Ü–∏–∏ –ñ–µ–ª–µ–∑–Ω–æ—Ä–æ–∂–Ω–æ–≥–æ —Ä–∞–π–æ–Ω–∞ —É–±—Ä–∞–ª–∏ –∑–Ω–∞–∫, —Ä–∞–∑—Ä–µ—à–∞—é—â–∏–π –ø–∞—Ä–∫–æ–≤–∞—Ç—å—Å—è —Ç–æ–ª—å–∫–æ —Ä–∞–±–æ—Ç–Ω–∏–∫–∞–º –∞–¥–º–∏–Ω–∏—Å—Ç—Ä–∞—Ü–∏–∏. üòä  –ê –µ—â—ë –∑–∞ —ç—Ç–æ –≤—Ä–µ–º—è —á–∏–Ω–æ–≤–Ω–∏–∫–∏ –ø–æ —Å–≤–æ–µ–π –∏–Ω–∏—Ü–∏–∞—Ç–∏–≤–µ –≤—ã—Å–∞–¥–∏–ª–∏ –¥–µ—Ä–µ–≤—å—è. üëçüèª"
67,–±–ª–∞–≥–æ—É—Å—Ç—Ä–æ–π—Å—Ç–≤–æ,–ø–ª–æ—Ö–æ,"–ù–∞–ø—Ä–∞–≤—å—Ç–µ, –ø–æ–∂–∞–ª—É–π—Å—Ç–∞, –æ–±—Ä–∞—â–µ–Ω–∏–µ –≤ –∞–¥–º–∏–Ω–∏—Å—Ç—Ä–∞—Ü–∏—é –æ —Ç–æ–º, —á—Ç–æ–±—ã —É–±—Ä–∞–ª–∏ –≤–∏–∑—É–∞–ª—å–Ω—É—é –ø—Ä–µ–≥—Ä–∞–¥—É –Ω–∞ –æ—Å—Ç–∞–Ω–æ–≤–∫–µ —É –ì–ª–∞–≤–ø–æ—á—Ç–∞–º—Ç–∞. –ü–∞—Ç—Ä–∏–æ—Ç–∏—á–Ω–æ, –∫–æ–Ω–µ—á–Ω–æ, –Ω–æ —É–±–∏–≤–∞–µ—Ç –≤—Å—é —Ñ—É–Ω–∫—Ü–∏–æ–Ω–∞–ª—å–Ω–æ—Å—Ç—å –æ—Å—Ç–∞–Ω–æ–≤–∫–∏: –ø–∞—Å—Å–∞–∂–∏—Ä–∞–º, —Å–∏–¥—è—â–∏–º –≤–Ω—É—Ç—Ä–∏ –∫–æ–º–ø–ª–µ–∫—Å–∞ –Ω–µ –≤–∏–¥–Ω–æ –¥–æ—Ä–æ–≥–∏ -> –æ–Ω–∏ –≤—ã—Ö–æ–¥—è—Ç –±–ª–∏–∂–µ –∫ –¥–æ—Ä–æ–≥–µ, —á—Ç–æ–±—ã –Ω–µ –ø—Ä–æ–ø—É—Å—Ç–∏—Ç—å —Å–≤–æ–π –∞–≤—Ç–æ–±—É—Å -> –Ω–æ–≤–∞—è ¬´—É–º–Ω–∞—è¬ª –æ—Å—Ç–∞–Ω–æ–≤–∫–∞ —Å—Ç–∞–Ω–æ–≤–∏—Ç—Å—è –±–µ—Å–ø–æ–ª–µ–∑–Ω–æ–π –∏ –Ω–µ–∏—Å–ø–æ–ª—å–∑—É–µ–º–æ–π.  –ß–∞—Å—Ç–æ —Ö–æ–∂—É —Ç–∞–º –∏ –ø—Ä—è–º–æ –±–æ–ª—å–Ω–æ —Å–º–æ—Ç—Ä–µ—Ç—å"
68,–±–ª–∞–≥–æ—É—Å—Ç—Ä–æ–π—Å—Ç–≤–æ,–ø–ª–æ—Ö–æ,"–í –°–ö –ö–∞–ª–∏–Ω–∏–Ω–µ—Ü –Ω–∞ –≠–ª—å–º–∞—à–µ –ø—Ä–æ–≤–µ–¥–µ–Ω–∞ –∫–æ–ª–æ—Å—Å–∞–ª—å–Ω–∞—è —Ä–µ–∫–æ–Ω—Å—Ç—Ä—É–∫—Ü–∏—è —Å —É–∫–ª–∞–¥–∫–æ–π –∞—Å—Ñ–∞–ª—å—Ç–∞, –æ—Ä–≥–∞–Ω–∏–∑–∞—Ü–∏–µ–π –≥–∞–∑–æ–Ω–æ–≤ –∏ —Ç.–ø. –ù–æ –∏—Å–ø–æ–ª–Ω–µ–Ω–∏–µ, –∫ –Ω–µ—Å—á–∞—Å—Ç—å—é, –∫–∞–∫ –æ–±—ã—á–Ω–æ, —Ö—Ä–æ–º–∞–µ—Ç. –ì–∞–∑–æ–Ω—ã –≤—ã—à–µ —É—Ä–æ–≤–Ω—è –¥–æ—Ä–æ–≥–∏, –Ω–µ–∫–æ—Ç–æ—Ä—ã–µ –ø–æ–¥ –Ω–∞–∫–ª–æ–Ω–æ–º, –Ω–µ–∫–æ—Ç–æ—Ä—ã–µ –±–µ–∑ –ø–æ—Ä–µ–±—Ä–∏–∫–æ–≤. –ë–æ–ª–µ–µ –≤—ã—Å–æ–∫–∏–µ –±–æ—Ä–¥—é—Ä—ã —Å—Ä–µ–∑–∞–Ω—ã –¥–æ —É—Ä–æ–≤–Ω—è –Ω–∏–∑–∫–∏—Ö, –∏–¥—É—â–∏—Ö –≤—Ä–æ–≤–µ–Ω—å —Å –∞—Å—Ñ–∞–ª—å—Ç–æ–≤—ã–º –ø–æ–∫—Ä—ã—Ç–∏–µ–º (–∫–∞–∫–æ–µ-—Ç–æ —Ö–∏—Ç—Ä–æ–µ —Ä–µ—à–µ–Ω–∏–µ). –ü–µ—à–µ—Ö–æ–¥–Ω—ã–µ –¥–æ—Ä–æ–∂–∫–∏ —á–∞—Å—Ç–æ —É–ø–∏—Ä–∞—é—Ç—Å—è –≤ –ø—Ä–æ–µ–∑–∂—É—é —á–∞—Å—Ç—å –∏ –Ω–µ –∏–º–µ—é—Ç –ø—Ä–æ–¥–æ–ª–∂–µ–Ω–∏—è. –ü–µ—à–µ—Ö–æ–¥–Ω–∞—è –¥–æ—Ä–æ–∂–∫–∞ –æ—Ç –ø–∞—Ä–∫–æ–≤–∫–∏ –æ–∫–æ–ª–æ –±–∞—Å—Å–µ–π–Ω–∞ –ø—Ä–µ–≤—Ä–∞—â–∞–µ—Ç—Å—è –≤ —Ä–∞–∑–±–∏—Ç—É—é (–µ–µ –ø—Ä–æ—Å—Ç–æ –Ω–µ —Ä–µ–∫–æ–Ω—Å—Ç—Ä—É–∏—Ä–æ–≤–∞–ª–∏), –≤ —Ç–∞–∫–æ–º –∂–µ —Å–æ—Å—Ç–æ—è–Ω–∏–∏ –ø—Ä–æ–µ–∑–∂–∞—è —á–∞—Å—Ç—å —Å –ø—Ä–∞–≤–æ–π —Å—Ç–æ—Ä–æ–Ω—ã –±–∞—Å—Å–µ–π–Ω–∞ (—Ç–æ—Ä—á–∞—â–∞—è –∞—Ä–º–∞—Ç—É—Ä–∞, –∫–∞–º–Ω–∏). –ù—É –∞ –Ω–∞ –æ—Ç—Ä–µ—Å—Ç–∞–≤—Ä–∏—Ä–æ–≤–∞–Ω–Ω–æ–π —Ö–æ–∫–∫–µ–π–Ω–æ–π –∫–æ—Ä–æ–±–∫–µ –∑–∞–±—ã–ª–∏ –ø—Ä–æ —Ä–∞–∑–¥–µ–≤–∞–ª–∫–∏. –¢–µ–º, –∫—Ç–æ –∞—Ä–µ–Ω–¥—É–µ—Ç –∫–æ—Ä–æ–±–∫—É –¥–ª—è –∏–≥—Ä—ã –≤ —Ö–æ–∫–∫–µ–π, –Ω—É–∂–Ω–æ –ø–µ—Ä–µ–æ–¥–µ–≤–∞—Ç—å—Å—è –≤ –ø–∞–≤–∏–ª—å–æ–Ω–µ, –∞ —ç—Ç–æ –º–µ—Ç—Ä–æ–≤ 100, –ø–æ—Ç–æ–º –∏–¥—Ç–∏ –Ω–∞ –∫–æ–Ω—å–∫–∞—Ö –Ω–∞ –ª–µ–¥üôà"
69,–±–ª–∞–≥–æ—É—Å—Ç—Ä–æ–π—Å—Ç–≤–æ,–Ω–µ–π—Ç—Ä–∞–ª—å–Ω–æ,–ü—Ä–∏—à–µ–ª –æ—Ç–≤–µ—Ç –Ω–∞ –Ω–∞—à –∑–∞–ø—Ä–æ—Å –æ —Å–Ω–æ—Å–µ –¥–µ—Ä–µ–≤—å–µ–≤ –≤ —Å–∫–≤–µ—Ä–µ –ü–∏—Å–∞—Ç–µ–ª–µ–π –£—Ä–∞–ª–∞. –î–µ—Ä–µ–≤—å—è –≤ –∞–≤–∞—Ä–∏–π–Ω–æ–º —Å–æ—Å—Ç–æ—è–Ω–∏–∏...  –ö –ø–æ—Å—Ç—É https://vk.com/wall-70901456_31573
70,—Ç—Ä–∞–Ω—Å–ø–æ—Ä—Ç,–ø–ª–æ—Ö–æ,"–¢—Ä–∞–º–≤–∞–π–Ω–∞—è –æ—Å—Ç–∞–Ω–æ–≤–∫–∞ ¬´–®–∞—Ä—Ç–∞—à—Å–∫–∞—è¬ª (–≤ —Å—Ç–æ—Ä–æ–Ω—É ¬´–®–µ–≤—á–µ–Ω–∫–æ¬ª). –ó–¥–µ—Å—å –¥–æ —Å–∏—Ö –ø–æ—Ä –Ω–µ—Ç –ø–æ—Å–∞–¥–æ—á–Ω–æ–π –ø–ª–∞—Ç—Ñ–æ—Ä–º—ã. –ò –ª—é–¥–∏ –≤–æ—Ç —Ç–∞–∫–∏–º –≤–æ—Ç –æ–±—Ä–∞–∑–æ–º –ø–æ–ø–∞–¥–∞—é—Ç –∫ —Ç—Ä–∞–º–≤–∞—è–º: –≤—ã—Ö–æ–¥—è—Ç –Ω–∞ –ø—Ä–æ–µ–∑–∂—É—é —á–∞—Å—Ç—å –ø–µ—Ä–µ–¥ –∞–≤—Ç–æ–º–æ–±–∏–ª—è–º–∏, –ø–æ–¥–≤–µ—Ä–≥–∞—é—Ç —Å–µ–±—è –æ–ø–∞—Å–Ω–æ—Å—Ç–∏. –ù–∞ –≤–∏–¥–µ–æ —Ç–∞–∫–∂–µ –≤–∏–¥–Ω–æ, –∫–∞–∫ –ª—é–¥–∏ –∂–º—É—Ç—Å—è –≤ –æ–∂–∏–¥–∞–Ω–∏–∏ —Å–≤–æ–µ–≥–æ —Ç—Ä–∞–º–≤–∞—è –Ω–∞ —É–∑–∫–æ–π –ø–æ–ª–æ—Å–∫–µ –∞—Å—Ñ–∞–ª—å—Ç–∞, –º–µ–∂–¥—É —Ç—Ä–∞–º–≤–∞–π–Ω—ã–º–∏ –ø—É—Ç—è–º–∏ –∏ –ø–æ—Ç–æ–∫–æ–º –º–∞—à–∏–Ω.   ‚ùó–≠–¢–û –û–ü–ê–°–ù–û! –ò —Ç–∞–∫ –±—ã—Ç—å –Ω–µ –¥–æ–ª–∂–Ω–æ! –î–∞–≤–∞–π—Ç–µ –≤—Å–µ –≤–º–µ—Å—Ç–µ –ø–æ–ø—Ä–æ—Å–∏–º –ê–¥–º–∏–Ω–∏—Å—Ç—Ä–∞—Ü–∏—é –ï–∫–∞—Ç–µ—Ä–∏–Ω–±—É—Ä–≥–∞ –æ—Ä–≥–∞–Ω–∏–∑–æ–≤–∞—Ç—å –≤ —ç—Ç–æ–º –º–µ—Å—Ç–µ –±–µ–∑–æ–ø–∞—Å–Ω—É—é —Ç—Ä–∞–º–≤–∞–π–Ω—É—é –æ—Å—Ç–∞–Ω–æ–≤–∫—É —Å –ø–æ—Å–∞–¥–æ—á–Ω–æ–π –ø–ª–∞—Ç—Ñ–æ—Ä–º–æ–π.  –ó–∞—Ö–æ–¥–∏–º –≤ —ç–ª–µ–∫—Ç—Ä–æ–Ω–Ω—É—é –ø—Ä–∏—ë–º–Ω—É—é –Ω–∞ —Å–∞–π—Ç–µ –ï–∫–∞—Ç–µ—Ä–∏–Ω–±—É—Ä–≥.—Ä—Ñ –∏ –ø–∏—à–µ–º –æ–±—Ä–∞—â–µ–Ω–∏–µ —Å–ª–µ–¥—É—é—â–µ–≥–æ —Å–æ–¥–µ—Ä–∂–∞–Ω–∏—è:  1. –ù–∞ –æ—Å—Ç–∞–Ω–æ–≤–∫–∞—Ö —Ç—Ä–∞–º–≤–∞–µ–≤ ""–®–∞—Ä—Ç–∞—à—Å–∫–∞—è"" –≤ –æ–±–µ —Å—Ç–æ—Ä–æ–Ω—ã –ø–æ—Å–∞–¥–∫–∞ –∏ –≤—ã—Å–∞–¥–∫–∞ –ø–∞—Å—Å–∞–∂–∏—Ä–æ–≤ –ø—Ä–æ–∏—Å—Ö–æ–¥–∏—Ç —Å –ø—Ä–æ–µ–∑–∂–µ–π —á–∞—Å—Ç–∏, —á—Ç–æ –Ω–µ–±–µ–∑–æ–ø–∞—Å–Ω–æ –¥–ª—è –ø–∞—Å—Å–∞–∂–∏—Ä–æ–≤.  2. –í —Ä–∞–π–æ–Ω–µ —É–∫–∞–∑–∞–Ω–Ω—ã—Ö –æ—Å—Ç–∞–Ω–æ–≤–æ–∫ –ø–∞—Ä–∫—É—é—Ç—Å—è –º–∞—à–∏–Ω—ã, —Å–∫—Ä—ã–≤–∞—é—â–∏–µ –ø–∞—Å—Å–∞–∂–∏—Ä–æ–≤, –Ω–∞–ø—Ä–∞–≤–ª—è—é—â–∏—Ö—Å—è –∫ —Ç—Ä–∞–º–≤–∞—é –æ—Ç –≥–ª–∞–∑ –≤–æ–¥–∏—Ç–µ–ª–µ–π –¥–≤–∏–∂—É—â–µ–≥–æ—Å—è –ø–æ —É–ª–∏—Ü–µ –∞–≤—Ç–æ—Ç—Ä–∞–Ω—Å–ø–æ—Ä—Ç–∞. 3. –î–≤–∏–∂–µ–Ω–∏–µ –ø–æ —É–ª–∏—Ü–µ –õ—É–Ω–∞—á–∞—Ä—Å–∫–æ–≥–æ –¥–≤—É—Ö–ø–æ–ª–æ—Å–Ω–æ–µ, –∏ –≤–æ–∑–º–æ–∂–Ω–∞ —Å–∏—Ç—É–∞—Ü–∏—è, –∫–æ–≥–¥–∞ –º–∞—à–∏–Ω–∞, –¥–≤–∏–∂—É—â–∞—è—Å—è –≤ –ª–µ–≤–æ–º —Ä—è–¥—É, –∑–∞–∫—Ä–æ–µ—Ç –æ—Ç –≤–æ–¥–∏—Ç–µ–ª—è –≤ –ø—Ä–∞–≤–æ–º —Ä—è–¥—É –≤—ã—Ö–æ–¥—è—â–∏—Ö –∏–∑ —Ç—Ä–∞–º–≤–∞—è –ø–∞—Å—Å–∞–∂–∏—Ä–æ–≤. 4. –ü–æ—Å–∞–¥–∫–∞ —Å –ø—Ä–æ–µ–∑–∂–µ–π —á–∞—Å—Ç–∏ –∑–∞–º–µ–¥–ª—è–µ—Ç –¥–≤–∏–∂–µ–Ω–∏–µ –∞–≤—Ç–æ—Ç—Ä–∞–Ω—Å–ø–æ—Ä—Ç–∞.  –í —Å–≤—è–∑–∏ —Å –∏–∑–ª–æ–∂–µ–Ω–Ω—ã–º –ø—Ä–æ—à—É –≤–∫–ª—é—á–∏—Ç—å —Ä–∞–±–æ—Ç—ã –ø–æ –ø—Ä–æ–µ–∫—Ç–∏—Ä–æ–≤–∞–Ω–∏—é –∏ –æ—Ä–≥–∞–Ω–∏–∑–∞—Ü–∏–∏ –ø–ª–∞—Ç—Ñ–æ—Ä–º –¥–ª—è –ø–æ—Å–∞–¥–∫–∏-–≤—ã—Å–∞–¥–∫–∏ –Ω–∞ –≤—ã—à–µ—É–∫–∞–∑–∞–Ω–Ω–æ–π —Ç—Ä–∞–º–≤–∞–π–Ω–æ–π –æ—Å—Ç–∞–Ω–æ–≤–∫–µ –≤ –º—É–Ω–∏—Ü–∏–ø–∞–ª—å–Ω—É—é –ø—Ä–æ–≥—Ä–∞–º–º—É ¬´–†–∞–∑–≤–∏—Ç–∏–µ —Å–∏—Å—Ç–µ–º—ã –æ–±—â–µ—Å—Ç–≤–µ–Ω–Ω–æ–≥–æ —Ç—Ä–∞–Ω—Å–ø–æ—Ä—Ç–∞ –∏ –æ–±–µ—Å–ø–µ—á–µ–Ω–∏–µ –±–µ–∑–æ–ø–∞—Å–Ω–æ—Å—Ç–∏ –¥–æ—Ä–æ–∂–Ω–æ–≥–æ –¥–≤–∏–∂–µ–Ω–∏—è –≤ –º—É–Ω–∏—Ü–∏–ø–∞–ª—å–Ω–æ–º –æ–±—Ä–∞–∑–æ–≤–∞–Ω–∏–∏ ¬´–≥–æ—Ä–æ–¥ –ï–∫–∞—Ç–µ—Ä–∏–Ω–±—É—Ä–≥¬ª –Ω–∞ 2017 ‚Äì 2021 –≥–æ–¥—ã¬ª, –ø—É–Ω–∫—Ç 12 ¬´–†–µ–∫–æ–Ω—Å—Ç—Ä—É–∫—Ü–∏—è –∏ —Å—Ç—Ä–æ–∏—Ç–µ–ª—å—Å—Ç–≤–æ –æ—Å—Ç–∞–Ω–æ–≤–æ–∫ –≥–æ—Ä–æ–¥—Å–∫–æ–≥–æ –ø–∞—Å—Å–∞–∂–∏—Ä—Å–∫–æ–≥–æ —Ç—Ä–∞–Ω—Å–ø–æ—Ä—Ç–∞¬ª."
72,–±–ª–∞–≥–æ—É—Å—Ç—Ä–æ–π—Å—Ç–≤–æ,—Ö–æ—Ä–æ—à–æ,"–¢—Ä–µ—Ö—ç—Ç–∞–∂–Ω–æ–µ –∑–¥–∞–Ω–∏–µ –≤–æ–∑–≤–µ–ª–∏ –ø–æ –∞–¥—Ä–µ—Å—É –ø—Ä–æ—Å–ø–µ–∫—Ç –ê–∫–∞–¥–µ–º–∏–∫–∞ –°–∞—Ö–∞—Ä–æ–≤–∞, 85. –°–µ–π—á–∞—Å –≤ –∑–¥–∞–Ω–∏–∏ —É—Å—Ç–∞–Ω–∞–≤–ª–∏–≤–∞—é—Ç –º–µ–±–µ–ª—å –∏ –Ω–µ–æ–±—Ö–æ–¥–∏–º–æ–µ –æ–±–æ—Ä—É–¥–æ–≤–∞–Ω–∏–µ, —Å–ø–µ—Ü–∏–∞–ª–∏—Å—Ç—ã –ø—Ä–æ–≤–µ—Ä—è—é—Ç —Ä–∞–±–æ—Ç—É –ø–æ–∂–∞—Ä–Ω–æ–π —Å–∏—Å—Ç–µ–º—ã, –≤–µ–Ω—Ç–∏–ª—è—Ü–∏–∏ –∏ –≤–∏–¥–µ–æ–Ω–∞–±–ª—é–¥–µ–Ω–∏—è. –í–≤–µ—Å—Ç–∏ —É—á—Ä–µ–∂–¥–µ–Ω–∏–µ –≤ —ç–∫—Å–ø–ª—É–∞—Ç–∞—Ü–∏—é –ø–ª–∞–Ω–∏—Ä—É—é—Ç –≤ —Å–ª–µ–¥—É—é—â–µ–º –≥–æ–¥—É. Akademekb –ø–æ–±—ã–≤–∞–ª–∏ –≤–Ω—É—Ç—Ä–∏ –Ω–æ–≤–æ–≥–æ –¥–µ—Ç—Å–∫–æ–≥–æ —É—á—Ä–µ–∂–¥–µ–Ω–∏—è –∏ –ø–æ–¥–≥–æ—Ç–æ–≤–∏–ª–∏ —Ñ–æ—Ç–æ–ø–æ–¥–±–æ—Ä–∫—É.  #–Ω–æ–≤–æ—Å—Ç–∏@akademekb"
73,–±–µ–∑–æ–ø–∞—Å–Ω–æ—Å—Ç—å,—Ö–æ—Ä–æ—à–æ,"–ò–∑ –æ—Ç—á—ë—Ç–∞ –æ —Ä–∞–±–æ—Ç–µ —Å–∏—Å—Ç–µ–º—ã –±–µ–∑–æ–ø–∞—Å–Ω–æ—Å—Ç–∏ –∑–∞ –æ–∫—Ç—è–±—Ä—å:  14 –æ–∫—Ç—è–±—Ä—è¬†12:03 —É–ª. –ö—Ä–∞—Å–Ω–æ–ª–µ—Å—å—è, 129  üëÄ¬†–í —Å–ª—É–∂–±—É –±–µ–∑–æ–ø–∞—Å–Ω–æ—Å—Ç–∏ –æ–±—Ä–∞—Ç–∏–ª—Å—è –º—É–∂—á–∏–Ω–∞ - –Ω–µ –º–æ–∂–µ—Ç –¥–æ–∑–≤–æ–Ω–∏—Ç—å—Å—è –¥–æ –∂–µ–Ω—ã, –ø—Ä–æ—Å–∏–ª –ø—Ä–æ–≤–µ—Ä–∏—Ç—å, –≤—Å—ë –ª–∏ –≤ –ø–æ—Ä—è–¥–∫–µ. –ü–æ —É–∫–∞–∑–∞–Ω–Ω–æ–º—É –∞–¥—Ä–µ—Å—É –æ—Ç–ø—Ä–∞–≤–∏–ª–∞—Å—å –ì–ë–†. –î–≤–µ—Ä—å –æ—Ç–∫—Ä—ã–ª–∞ –∂–µ–Ω—â–∏–Ω–∞ –∏ —Å–æ–æ–±—â–∏–ª–∞, —á—Ç–æ –≤—Å—ë —Ö–æ—Ä–æ—à–æ. –ò–Ω—Ñ–æ—Ä–º–∞—Ü–∏—é –ø–µ—Ä–µ–¥–∞–ª–∏ –∑–∞—è–≤–∏—Ç–µ–ª—é.  https://akademekb.ru/news/3313"
74,–±–ª–∞–≥–æ—É—Å—Ç—Ä–æ–π—Å—Ç–≤–æ,—Ö–æ—Ä–æ—à–æ,"–ü–æ –∞–¥—Ä–µ—Å—É: –ü–∞–Ω–µ–ª—å–Ω–∞—è 17–ê, –æ–∫–æ–ª–æ —ç–ª–µ–∫—Ç—Ä–æ—â–∏—Ç–æ–≤–æ–π —Å—Ç–æ–∏—Ç —Ü–∏—Å—Ç–µ—Ä–Ω–∞ —Å –ø–∏—Ç—å–µ–≤–æ–π –≤–æ–¥–æ–π. –î–ª—è –Ω—É–∂–¥ –Ω–∞—Å–µ–ª–µ–Ω–∏—è, –≤ —Å–≤—è–∑–∏ —Å –ø–ª–∞–Ω–æ–≤—ã–º –æ—Ç–∫–ª—é—á–µ–Ω–∏–µ–º —Ö–æ–ª–æ–¥–Ω–æ–π –≤–æ–¥—ã –≤ –±–ª–∏–∑–ª–µ–∂–∞—â–∏—Ö –¥–æ–º–∞—Ö."
75,–±–µ–∑–æ–ø–∞—Å–Ω–æ—Å—Ç—å,–ø–ª–æ—Ö–æ,"–ê—Ö–∞—Ö–∞. –≠—Ç–∏ –ø—Ä–∏–¥—É—Ä–∫–∏ —á—Ç–æ 7 –¥–µ–∫–∞–±—Ä—è –≤—ä–µ—Ö–∞–ª–∏ –∑–∞–¥–Ω–∏–º —Ö–æ–¥–æ–º –≤ –º–µ–Ω—Ç–æ–≤ –Ω–∞ –†–∞—Å—Å–≤–µ—Ç–Ω–æ–π 7, —ç—Ç—É –º–∞—à–∏–Ω—É –µ—â–µ –∏ —É–≥–Ω–∞–ª–∏ ü§£ü§£ https://vk.com/ekbzbi?w=wall-178029486_12726  –†–æ—Å–≥–≤–∞—Ä–¥–µ–π—Ü—ã –ø–æ–π–º–∞–ª–∏ –ª—é–¥–µ–π, –ø–æ–¥–æ–∑—Ä–µ–≤–∞–µ–º—ã—Ö –≤ –¥–≤—É—Ö –∞–≤—Ç–æ—É–≥–æ–Ω–∞—Ö. –ü–µ—Ä–≤–æ–µ –∑–∞–¥–µ—Ä–∂–∞–Ω–∏–µ –ø—Ä–æ–∏–∑–æ—à–ª–æ –≤ —Å—É–±–±–æ—Ç—É, 7 –¥–µ–∫–∞–±—Ä—è, –≤ –ï–∫–∞—Ç–µ—Ä–∏–Ω–±—É—Ä–≥–µ. –ù–∞ —É–ª–∏—Ü–µ –°–∏—Ä–µ–Ω–µ–≤—ã–π –±—É–ª—å–≤–∞—Ä —É –º—É–∂—á–∏–Ω—ã –ø—Ä–æ–ø–∞–ª–∞ –∏–Ω–æ–º–∞—Ä–∫–∞ Chery.    - –í–ª–∞–¥–µ–ª–µ—Ü –ø–æ—è—Å–Ω–∏–ª, —á—Ç–æ –≤ —ç—Ç–æ—Ç –¥–µ–Ω—å –≤—ã–ø–∏–≤–∞–ª –≤–º–µ—Å—Ç–µ —Å –º–∞–ª–æ–∑–Ω–∞–∫–æ–º—ã–º –µ–º—É —Ç–æ–≤–∞—Ä–∏—â–µ–º –∏ –µ–≥–æ –ø–æ–¥—Ä—É–≥–æ–π. –ù–µ–Ω–∞–¥–æ–ª–≥–æ –æ—Ç–ª—É—á–∏–≤—à–∏—Å—å, –æ–Ω –æ–±–Ω–∞—Ä—É–∂–∏–ª, —á—Ç–æ –µ–≥–æ –≥–æ—Å—Ç–∏ –∏ –∫–ª—é—á–∏ –æ—Ç –ø—Ä–∏–Ω–∞–¥–ª–µ–∂–∞—â–µ–≥–æ –µ–º—É –∞–≤—Ç–æ–º–æ–±–∏–ª—è –æ—Ç—Å—É—Ç—Å—Ç–≤—É—é—Ç, - —Ä–∞—Å—Å–∫–∞–∑–∞–ª–∏ –≤ –ø—Ä–µ—Å—Å-—Å–ª—É–∂–±–µ –†–æ—Å–≤–∞—Ä–¥–∏–∏.    –ú–∞—à–∏–Ω—É –±—ã—Å—Ç—Ä–æ –Ω–∞—à–ª–∏ - –æ–Ω–∞ —Å—Ç–æ—è–ª–∞ –Ω–∞ —É–ª–∏—Ü–µ –°—ã—Ä–æ–º–æ–ª–æ—Ç–æ–≤–∞. –û–∫–∞–∑–∞–ª–æ—Å—å, —á—Ç–æ –ø–æ—Å–ª–µ –ø—Ä–µ—Å–ª–µ–¥–æ–≤–∞–Ω–∏—è –ø–æ—Ö–∏—Ç–∏—Ç–µ–ª—å –∑–∞–µ—Ö–∞–ª –≤ –æ–¥–∏–Ω –∏–∑ –¥–≤–æ—Ä–æ–≤, –∫–æ—Ç–æ—Ä—ã–π –æ–∫–∞–∑–∞–ª—Å—è —Ç—É–ø–∏–∫–æ–≤—ã–º. –¢–æ–≥–¥–∞ –æ–Ω —Ä–µ—à–∏–ª –≤—ã–µ—Ö–∞—Ç—å –∑–∞–¥–Ω–∏–º —Ö–æ–¥–æ–º –∏ –≤—Ä–µ–∑–∞–ª—Å—è –≤ –ø–∞—Ç—Ä—É–ª—å–Ω—É—é –º–∞—à–∏–Ω—É. –£–≥–æ–Ω—â–∏–∫–∞ –∑–∞–¥–µ—Ä–∂–∞–ª–∏ –∏ –ø–µ—Ä–µ–¥–∞–ª–∏ —Å–æ—Ç—Ä—É–¥–Ω–∏–∫–∞–º –ø–æ–ª–∏—Ü–∏–∏."
76,–∂–∫—Ö,—É–∂–∞—Å–Ω–æ,–ë—É–¥—å—Ç–µ –æ—Å—Ç–æ—Ä–æ–∂–Ω—ã ! –ü–æ–ª—É–æ—Ç–∫—Ä—ã—Ç –ª—é–∫ —Ä—è–¥–æ–º —Å –î–æ–º–æ–º ‚Ññ7 –Ω–∞ —É–ª.–°—ã—Ä–æ–º–æ–ª–æ—Ç–æ–≤–∞ –∏ –¥/—Å ‚Ññ145
79,–±–µ–∑–æ–ø–∞—Å–Ω–æ—Å—Ç—å,–ø–ª–æ—Ö–æ,"–ö—Ä–∞–∂–∞ –≤–µ–∫–∞: –≤ –ü–∏–æ–Ω–µ—Ä—Å–∫–æ–º –ø–æ—Å–µ–ª–∫–µ –∏–∑ –¥–µ—Ç—Å–∫–æ–≥–æ —Å–∞–¥–∞ —Å—Ç–∞—â–∏–ª–∏ –Ω–æ–≤–æ–≥–æ–¥–Ω—é—é –µ–ª–∫—É, –∫–æ—Ç–æ—Ä—É—é —É–∫—Ä–∞—Å–∏–ª–∏ –º–∞–ª—ã—à–∏  –í–æ—Ä–∏—à–∫–∏ –ø—Ä–æ–±—Ä–∞–ª–∏—Å—å –Ω–∞ —Ç–µ—Ä—Ä–∏—Ç–æ—Ä–∏—é –ø–æ–¥ –ø–æ–∫—Ä–æ–≤–æ–º –Ω–æ—á–∏  –¶–∏–Ω–∏—á–Ω–∞—è –∫—Ä–∞–∂–∞ –ø—Ä–æ–∏–∑–æ—à–ª–∞ –≤ –ï–∫–∞—Ç–µ—Ä–∏–Ω–±—É—Ä–≥–µ. –° —Ç–µ—Ä—Ä–∏—Ç–æ—Ä–∏–∏ –¥–µ—Ç—Å–∫–æ–≥–æ —Å–∞–¥–∞ ‚Ññ 588, —á—Ç–æ –≤ –ü–∏–æ–Ω–µ—Ä—Å–∫–æ–º –ø–æ—Å–µ–ª–∫–µ –Ω–∞ —É–ª–∏—Ü–µ –ë–æ—Ä–æ–≤–æ–π, —É–∫—Ä–∞–ª–∏ –Ω–æ–≤–æ–≥–æ–¥–Ω—é—é –µ–ª–∫—É. –ö–∞–∫ –æ–±—ä—è—Å–Ω–∏–ª–∞ –∑–∞–º–µ—Å—Ç–∏—Ç–µ–ª—å –∑–∞–≤–µ–¥—É—é—â–µ–π, –∫—Ä–∞–∂–∞ –ø—Ä–æ–∏–∑–æ—à–ª–∞ –Ω–æ—á—å—é –∏ –æ—Ö—Ä–∞–Ω–Ω–∏–∫ —Å–∞–¥–∏–∫–∞ –Ω–µ –∑–∞–º–µ—Ç–∏–ª –∑–ª–æ—É–º—ã—à–ª–µ–Ω–Ω–∏–∫–æ–≤.   –î–≤—É—Ö–º–µ—Ç—Ä–æ–≤—É—é –Ω–æ–≤–æ–≥–æ–¥–Ω—é—é –µ–ª–∫—É –≤—Å–µ–º —Å–∞–¥–∏–∫–æ–º —É–∫—Ä–∞—à–∞–ª–∏ –≤ –º–∏–Ω—É–≤—à—É—é –ø—è—Ç–Ω–∏—Ü—É. –ù–∞ –≤–µ—Ç–∫–∞—Ö –∑–∞–∫—Ä–µ–ø–∏–ª–∏ –≥–∏—Ä–ª—è–Ω–¥—ã –∏ –º—è–≥–∫–∏–µ –∏–≥—Ä—É—à–∫–∏. –í –ø—Ä–µ–¥—ã–¥—É—â–∏–µ –≥–æ–¥—ã –µ–ª—å —Ö—Ä–∞–Ω–∏–ª–∏ –≤ –∑–¥–∞–Ω–∏–∏ –¥–µ—Ç—Å–∫–æ–≥–æ —Å–∞–¥–∞, –Ω–æ –≤ —ç—Ç–æ–º –≥–æ–¥—É –∑–∞–≤–µ–¥–µ–Ω–∏–µ –ø—Ä–∏–æ–±—Ä–µ–ª–æ –Ω–æ–≤—É—é –µ–ª–∫—É, –∞ —Å—Ç–∞—Ä—É—é —Ä–µ—à–∏–ª–∏ –ø–æ—Å—Ç–∞–≤–∏—Ç—å –Ω–∞ —É–ª–∏—Ü–µ. –ö —Å–æ–∂–∞–ª–µ–Ω–∏—é, –¥–æ–ª–≥–æ –æ–Ω–∞ —Ç–∞–º –Ω–µ –ø—Ä–æ—Å—Ç–æ—è–ª–∞.    ‚Äî –ú—ã —É–∂–µ –ø–æ—Å—Ç–∞–≤–∏–ª–∏ –≤ –∏–∑–≤–µ—Å—Ç–Ω–æ—Å—Ç—å –æ –∫—Ä–∞–∂–µ –º–µ—Å—Ç–Ω–æ–≥–æ —É—á–∞—Å—Ç–∫–æ–≤–æ–≥–æ, ‚Äî —Ä–∞—Å—Å–∫–∞–∑–∞–ª–∏ –≤ —Å–∞–¥–∏–∫–µ. ‚Äî –ù–∞–¥–µ–µ–º—Å—è, —á—Ç–æ –±—É–¥—É—Ç –ø—Ä–∏–Ω—è—Ç—ã –º–µ—Ä—ã."
82,–±–ª–∞–≥–æ—É—Å—Ç—Ä–æ–π—Å—Ç–≤–æ,–ø–ª–æ—Ö–æ,"–ü–µ—Ä–µ–∫—Ä—ë—Å—Ç–æ–∫ —É–ª. –ú–∞–Ω–µ–≤—Ä–æ–≤–∞—è-–°–æ–ª–∏–∫–∞–º—Å–∫–∞—è, –Ω–∞–º—ë—Ä–∑–ª–æ –ª—å–¥–∞, –≤–æ–¥–∞ –±–µ–∂–∏—Ç –∏–∑ –ø–æ–¥ –∑–∞–±–æ—Ä–∞ –±–∞–∑—ã –û–ú–û–ù. –ë–µ–∂–∞–ª–∞ –¥–∞–≤–Ω–æ, –Ω—É –≤–æ—Ç –º–æ—Ä–æ–∑—ã –≤—Å–µ –∏—Å–ø—Ä–∞–≤–∏–ª–∏, —Ö–æ—Ä–æ—à–∏–π –ø–æ–ª—É—á–∏–ª—Å—è –∫–∞—Ç–æ–∫! –û—Å—Ç–æ—Ä–æ–∂–Ω–µ–π –ª—é–¥–∏, –æ—á–µ–Ω—å —Å–∫–æ–ª—å–∑–∫–æ!!! –§–æ—Ç–æ –Ω–µ –æ—á–µ–Ω—å, —Ç–µ–º–Ω–æ –±—ã–ª–æ!"
83,–±–ª–∞–≥–æ—É—Å—Ç—Ä–æ–π—Å—Ç–≤–æ,–ø–ª–æ—Ö–æ,"–£–∂–∞—Å–Ω—ã–π —Ç—Ä–æ—Ç—É–∞—Ä –≤–¥–æ–ª—å –¥–æ—Ä–æ–≥–∏ –∫–æ—Ç–æ—Ä–∞—è –∏–¥–µ—Ç –æ—Ç –°–æ—Ä—Ç–∏—Ä–æ–≤–∫–∏ –Ω–∞ –£—Ä–∞–ª–º–∞—à –ø–æ —É–ª. –î–æ–Ω–±–∞—Å—Å–∫–æ–π. –î–ª—è –∫–æ–≥–æ —Å–¥–µ–ª–∞–Ω —ç—Ç–æ—Ç —Ç—Ä–æ—Ç—É–∞—Ä, —Ç–æ—á–Ω–æ –Ω–µ –¥–ª—è –ª—é–¥–µ–π –∫–æ—Ç–æ—Ä—ã–µ –∏–¥—É—Ç —Å –∫–æ–ª—è—Å–∫–æ–π, –∞ –±–æ–ª—å—à–µ –∏ –æ–±–æ–π—Ç–∏ –Ω–µ –≥–¥–µ. –û—á–µ–Ω—å —à—É–º–Ω–æ, —Ç—Ä–æ—Ç—É–∞—Ä —É–∑–∫–∏–π, –∏ —Å–∞–º–æ–µ –≥–ª–∞–≤–Ω–æ–µ –µ—Å–ª–∏ —Å–ª—è–∫–æ—Ç—å, —Ç–æ –ø—Ä–æ–µ–∑–∂–∞—é—â–∏–µ –º–∞—à–∏–Ω—ã –æ–±—è–∑–∞—Ç–µ–ª—å–Ω–æ —Ç–µ–±—è –æ–∫–∞—Ç—è—Ç –≥—Ä—è–∑—å—é. –•–æ—Ç—å –±—ã –∑–∞—â–∏—Ç—É –∫–∞–∫—É—é –Ω–∏–±—É–¥—å –ø–æ—Å—Ç–∞–≤–∏–ª–∏. –ö–∞–∫ –æ–±—ã—á–Ω–æ –≤—Å–µ –¥–ª—è –ª—é–¥–µ–π —Å–¥–µ–ª–∞–Ω–æ."
84,–±–µ–∑–æ–ø–∞—Å–Ω–æ—Å—Ç—å,—É–∂–∞—Å–Ω–æ,"–ü—Ä–µ–¥—É–ø—Ä–µ–∂–¥–µ–Ω-–≤–æ–æ—Ä—É–∂—ë–Ω! –°–µ–≥–æ–¥–Ω—è –ø—Ä–æ–≤–æ–¥–∏–ª–∞ –±–µ—Å–µ–¥—É, —Å —Å—ã–Ω–æ–º –ø–æ–¥—Ä–æ—Å—Ç–∫–æ–º (13–ª–µ—Ç), –ø–æ –ø–æ–≤–æ–¥—É –°–ù–Æ–°–∞, —á—Ç–æ –ø—Ä–µ–¥–ª–∞–≥–∞—é—Ç, —É–±–µ–∂–¥–∞—é—Ç, —á—Ç–æ –≤—Å—ë –ª–µ–≥–∞–ª—å–Ω–æ....–Ω–æ(!!!) –Ω–∏ –≤ –∫–æ–µ–º —Å–ª—É—á–∞–µ —á—Ç–æ–± –Ω–µ —Å–æ–≥–ª–∞—à–∞–ª—Å—è, –Ω–µ –ø—Ä–æ–±–æ–≤–∞–ª! –ò –±—ã–ª–∞ –≤ —à–æ–∫–µ, –∫–æ–≥–¥–∞ —É–∑–Ω–∞–ª–∞, —á—Ç–æ –µ–º—É —É–∂–µ –ø—Ä–µ–¥–ª–∞–≥–∞–ª–∏ –∏ –Ω–µ —Ä–∞–∑, –∫–æ–≥–¥–∞ –æ–Ω —Å –¥—Ä—É–∑—å—è–º–∏ –≥—É–ª—è–ª–∏ —É –¢–¶ –ö–∞—Ä–Ω–∞–≤–∞–ª. –ü—Ä–æ—Å—Ç–æ –≥—Ä—É–ø–ø–∞ –º–æ–ª–æ–¥—ã—Ö –ª—é–¥–µ–π —Ö–æ–¥—è—Ç –∏ –≤–æ—Ç —Ç–∞–∫ –ø—Ä–æ—Å—Ç–æ –ø—Ä–µ–¥–ª–∞–≥–∞—é—Ç –ø–æ–¥—Ä–æ—Å—Ç–∫–∞–º –°–ù–Æ–°!!! –ú–Ω–µ —Å—ã–Ω –æ—Ç–≤–µ—Ç–∏–ª, —á—Ç–æ –Ω–µ –ø—Ä–æ–±–æ–≤–∞–ª (–Ω–∞–¥–µ—é—Å—å, —á—Ç–æ —ç—Ç–æ –¥–µ–π—Å—Ç–≤–∏—Ç–µ–ª—å–Ω–æ —Ç–∞–∫), —Å —Å—ã–Ω–æ–º –¥–æ–≤–µ—Ä–∏—Ç–µ–ª—å–Ω—ã–µ –æ—Ç–Ω–æ—à–µ–Ω–∏—è, –Ω–æ –¥–µ—Å–Ω–∞ –≤—Å—ë —Ä–∞–≤–Ω–æ –ø—Ä–æ–≤–µ—Ä–∏–ª–∞, —á–∏—Å—Ç–æ.  –ì–æ–≤–æ—Ä–∏—Ç–µ —Å –¥–µ—Ç—å–º–∏, –æ–±—ä—è—Å–Ω—è–π—Ç–µ —á—Ç–æ –∫ —á–µ–º—É, —á—Ç–æ–± –Ω–∏ —á–µ–≥–æ –Ω–∏ —É –∫–æ–≥–æ –Ω–µ –±—Ä–∞–ª–∏, –Ω–µ –ø—Ä–æ–±–æ–≤–∞–ª–∏!!!  –ê–Ω–æ–Ω–∏–º–Ω–æ –ø–æ–∂–∞–ª—É–π—Å—Ç–∞!"
85,–±–µ–∑–æ–ø–∞—Å–Ω–æ—Å—Ç—å,–ø–ª–æ—Ö–æ,"–í–æ—Ä–∏—à–∫–∏ —Å–Ω—è–≤—à–∏–µ —Å –∞–≤—Ç–æ–º–æ–±–∏–ª—è Lada Vesta –≤—Å–µ —á–µ—Ç—ã—Ä–µ –∫–æ–ª–µ—Å–∞ –Ω–∞ –ì—Ä–æ–º–æ–≤–∞, 134/2, –æ—Å—Ç–∞–≤–∏–ª–∏ –∑–∞–ø–∏—Å–∫—É —Ö–æ–∑—è–∏–Ω—É –º–∞—à–∏–Ω—ã —Å –∏–∑–≤–∏–Ω–µ–Ω–∏—è–º–∏. –ù–∞ –≥—Ä—è–∑–Ω–æ–π –¥–≤–µ—Ä–∏ –∞–≤—Ç–æ –≤–æ—Ä—ã –Ω–∞–ø–∏—Å–∞–ª–∏: ¬´–ü—Ä–æ—Å—Ç–∏¬ª."
86,—Ç—Ä–∞–Ω—Å–ø–æ—Ä—Ç,—Ö–æ—Ä–æ—à–æ,"–ù–∞ –ê–º—É–Ω–¥—Å–µ–Ω–∞ –ø–æ—Å–ª–µ –î–¢–ü –ø—Ä–æ–µ–∑–∂–∞—è —á–∞—Å—Ç—å –ø–æ–∫—Ä—ã–ª–∞—Å—å –ø–ª–∏—Ç–∫–æ–π. –û—á–µ–≤–∏–¥–µ—Ü —Å–Ω—è–ª –Ω–∞ –≤–∏–¥–µ–æ –î–¢–ü —Å —É—á–∞—Å—Ç–∏–º –≥—Ä—É–∑–æ–≤–∏–∫–∞, –∫–æ—Ç–æ—Ä—ã–π –ø–µ—Ä–µ–≤–æ–∑–∏–ª –ø–ª–∏—Ç–∫—É."
87,–±–µ–∑–æ–ø–∞—Å–Ω–æ—Å—Ç—å,–ø–ª–æ—Ö–æ,–î–≤–æ—Ä –Ω–∞ –ì—Ä–æ–º–æ–≤–∞ 134/2  –°–Ω—è–ª–∏ –∫–æ–ª–µ—Å–∞ –∏ –Ω–∞–ø–∏—Å–∞–ª–∏ ¬´–ü—Ä–æ—Å—Ç–∏¬ª. –í–æ—Ç —Ç–∞–∫–∏–µ —Å–æ–≤–µ—Å—Ç–ª–∏–≤—ã–µ –∞–≤—Ç–æ–≤–æ—Ä—ã. –§–æ—Ç–æ –ø—Ä–∏—Å–ª–∞–ª–∏ –∞–Ω–æ–Ω–∏–º–Ω–æ.
